issuer_code,type_day,day_period,violation_code,count
330039,Week,AM,16,1
330039,Week,PM,14,182
330039,Week,PM,16,100
330039,Week,PM,17,31
330039,Week,PM,19,6
330039,Week,PM,20,164
330039,Week,PM,31,46
330039,Week,PM,38,2
330039,Week,PM,40,27
330039,Week,PM,46,7
330039,Week,PM,47,2
330039,Week,PM,69,3
330039,Week,PM,71,14
330039,Weekend,AM,14,45
330039,Weekend,AM,16,4
330039,Weekend,AM,17,27
330039,Weekend,AM,19,15
330039,Weekend,AM,20,8
330039,Weekend,AM,40,11
330039,Weekend,AM,46,1
330039,Weekend,AM,71,4
330039,Weekend,PM,14,65
330039,Weekend,PM,16,11
330039,Weekend,PM,17,33
330039,Weekend,PM,19,20
330039,Weekend,PM,20,30
330039,Weekend,PM,40,22
330039,Weekend,PM,46,3
330039,Weekend,PM,71,10
330068,Week,AM,14,240
330068,Week,AM,16,3
330068,Week,AM,17,26
330068,Week,AM,19,16
330068,Week,AM,20,1
330068,Week,AM,31,74
330068,Week,AM,37,7
330068,Week,AM,38,19
330068,Week,AM,40,8
330068,Week,AM,42,116
330068,Week,AM,46,4
330068,Week,AM,47,98
330068,Week,AM,69,453
330068,Week,AM,71,12
330068,Week,PM,14,38
330068,Week,PM,17,5
330068,Week,PM,19,4
330068,Week,PM,31,20
330068,Week,PM,37,6
330068,Week,PM,38,17
330068,Week,PM,40,5
330068,Week,PM,42,46
330068,Week,PM,47,20
330068,Week,PM,69,62
330068,Week,PM,71,1
330068,Weekend,AM,14,3
330068,Weekend,AM,31,2
330068,Weekend,AM,37,3
330068,Weekend,AM,38,6
330068,Weekend,AM,42,2
330068,Weekend,AM,47,1
330068,Weekend,AM,69,2
330068,Weekend,AM,71,1
330068,Weekend,PM,14,1
330068,Weekend,PM,31,2
330068,Weekend,PM,37,1
330068,Weekend,PM,42,1
330068,Weekend,PM,69,1
330069,Week,AM,14,241
330069,Week,AM,17,11
330069,Week,AM,19,11
330069,Week,AM,20,4
330069,Week,AM,31,56
330069,Week,AM,37,1
330069,Week,AM,38,51
330069,Week,AM,40,33
330069,Week,AM,42,61
330069,Week,AM,46,58
330069,Week,AM,47,228
330069,Week,AM,69,749
330069,Week,PM,14,31
330069,Week,PM,17,3
330069,Week,PM,19,3
330069,Week,PM,31,20
330069,Week,PM,37,1
330069,Week,PM,38,17
330069,Week,PM,40,8
330069,Week,PM,42,22
330069,Week,PM,46,13
330069,Week,PM,47,58
330069,Week,PM,69,141
330551,Week,AM,14,8
330551,Week,AM,16,73
330551,Week,AM,17,7
330551,Week,AM,20,264
330551,Week,AM,21,136
330551,Week,AM,38,5
330551,Week,AM,40,3
330551,Week,AM,71,15
330551,Week,PM,14,29
330551,Week,PM,16,802
330551,Week,PM,17,22
330551,Week,PM,19,8
330551,Week,PM,20,166
330551,Week,PM,37,44
330551,Week,PM,38,32
330551,Week,PM,40,47
330551,Week,PM,46,15
330551,Week,PM,71,46
330593,Week,AM,14,309
330593,Week,AM,17,10
330593,Week,AM,19,11
330593,Week,AM,20,1
330593,Week,AM,31,61
330593,Week,AM,37,8
330593,Week,AM,38,12
330593,Week,AM,40,5
330593,Week,AM,42,252
330593,Week,AM,47,127
330593,Week,AM,69,726
330593,Week,AM,71,29
330593,Week,PM,14,32
330593,Week,PM,19,3
330593,Week,PM,31,22
330593,Week,PM,37,10
330593,Week,PM,38,8
330593,Week,PM,40,2
330593,Week,PM,42,40
330593,Week,PM,47,13
330593,Week,PM,69,77
330593,Week,PM,71,3
330593,Weekend,AM,14,2
330593,Weekend,AM,69,1
330593,Weekend,PM,69,1
330924,Week,AM,14,515
330924,Week,AM,16,6
330924,Week,AM,17,8
330924,Week,AM,19,34
330924,Week,AM,20,3
330924,Week,AM,31,151
330924,Week,AM,40,24
330924,Week,AM,42,32
330924,Week,AM,46,6
330924,Week,AM,47,333
330924,Week,AM,69,491
330924,Week,AM,71,20
330924,Week,PM,14,21
330924,Week,PM,19,16
330924,Week,PM,31,35
330924,Week,PM,38,1
330924,Week,PM,40,1
330924,Week,PM,42,5
330924,Week,PM,47,26
330924,Week,PM,69,31
330924,Week,PM,71,2
330924,Weekend,PM,14,31
330924,Weekend,PM,16,9
330924,Weekend,PM,19,5
330924,Weekend,PM,20,2
330924,Weekend,PM,31,15
330924,Weekend,PM,37,8
330924,Weekend,PM,38,35
330924,Weekend,PM,46,3
330924,Weekend,PM,47,2
330924,Weekend,PM,69,3
330924,Weekend,PM,71,4
330957,Week,AM,14,1
330957,Week,AM,31,1
330957,Week,AM,42,2
330957,Week,AM,69,5
330957,Week,PM,14,280
330957,Week,PM,16,1
330957,Week,PM,17,37
330957,Week,PM,19,21
330957,Week,PM,20,7
330957,Week,PM,31,321
330957,Week,PM,37,18
330957,Week,PM,38,39
330957,Week,PM,40,27
330957,Week,PM,42,161
330957,Week,PM,46,72
330957,Week,PM,47,37
330957,Week,PM,69,357
330957,Week,PM,71,22
330978,Week,AM,14,273
330978,Week,AM,16,12
330978,Week,AM,17,4
330978,Week,AM,19,33
330978,Week,AM,20,53
330978,Week,AM,21,198
330978,Week,AM,31,30
330978,Week,AM,38,18
330978,Week,AM,40,15
330978,Week,AM,42,6
330978,Week,AM,46,4
330978,Week,AM,47,126
330978,Week,AM,69,74
330978,Week,AM,71,18
330978,Week,PM,14,28
330978,Week,PM,16,2
330978,Week,PM,17,1
330978,Week,PM,19,2
330978,Week,PM,20,6
330978,Week,PM,21,1
330978,Week,PM,31,10
330978,Week,PM,38,4
330978,Week,PM,40,2
330978,Week,PM,42,2
330978,Week,PM,47,18
330978,Week,PM,69,19
330978,Week,PM,71,5
330978,Weekend,AM,14,35
330978,Weekend,AM,16,12
330978,Weekend,AM,17,6
330978,Weekend,AM,19,16
330978,Weekend,AM,20,37
330978,Weekend,AM,21,5
330978,Weekend,AM,31,9
330978,Weekend,AM,37,1
330978,Weekend,AM,38,24
330978,Weekend,AM,40,15
330978,Weekend,AM,42,3
330978,Weekend,AM,46,5
330978,Weekend,AM,47,57
330978,Weekend,AM,69,7
330978,Weekend,AM,71,11
330978,Weekend,PM,14,72
330978,Weekend,PM,16,13
330978,Weekend,PM,17,11
330978,Weekend,PM,19,11
330978,Weekend,PM,20,18
330978,Weekend,PM,31,61
330978,Weekend,PM,37,4
330978,Weekend,PM,38,28
330978,Weekend,PM,40,9
330978,Weekend,PM,42,5
330978,Weekend,PM,46,1
330978,Weekend,PM,47,19
330978,Weekend,PM,69,10
330978,Weekend,PM,71,18
331074,Week,AM,14,153
331074,Week,AM,16,8
331074,Week,AM,17,3
331074,Week,AM,19,9
331074,Week,AM,20,40
331074,Week,AM,21,162
331074,Week,AM,31,7
331074,Week,AM,37,1
331074,Week,AM,38,30
331074,Week,AM,40,7
331074,Week,AM,47,30
331074,Week,AM,69,40
331074,Week,AM,71,32
331074,Week,PM,14,14
331074,Week,PM,16,1
331074,Week,PM,19,1
331074,Week,PM,20,1
331074,Week,PM,21,2
331074,Week,PM,31,3
331074,Week,PM,38,7
331074,Week,PM,40,5
331074,Week,PM,47,2
331074,Week,PM,69,14
331074,Week,PM,71,1
331074,Weekend,AM,14,16
331074,Weekend,AM,17,6
331074,Weekend,AM,19,4
331074,Weekend,AM,20,4
331074,Weekend,AM,38,10
331074,Weekend,AM,40,10
331074,Weekend,AM,47,1
331074,Weekend,AM,71,24
331074,Weekend,PM,14,28
331074,Weekend,PM,16,6
331074,Weekend,PM,17,6
331074,Weekend,PM,19,1
331074,Weekend,PM,20,10
331074,Weekend,PM,31,1
331074,Weekend,PM,38,5
331074,Weekend,PM,40,18
331074,Weekend,PM,47,1
331074,Weekend,PM,69,2
331074,Weekend,PM,71,42
331261,Week,AM,14,426
331261,Week,AM,16,78
331261,Week,AM,17,15
331261,Week,AM,19,8
331261,Week,AM,20,3
331261,Week,AM,31,429
331261,Week,AM,40,3
331261,Week,AM,46,1
331261,Week,AM,47,79
331261,Week,AM,69,271
331261,Week,PM,14,26
331261,Week,PM,19,1
331261,Week,PM,31,25
331261,Week,PM,47,5
331261,Week,PM,69,8
331261,Weekend,AM,14,1
331261,Weekend,AM,19,1
331261,Weekend,AM,46,1
331356,Week,PM,14,205
331356,Week,PM,16,93
331356,Week,PM,17,2
331356,Week,PM,19,7
331356,Week,PM,20,157
331356,Week,PM,31,73
331356,Week,PM,37,3
331356,Week,PM,38,11
331356,Week,PM,40,38
331356,Week,PM,46,13
331356,Week,PM,47,10
331356,Week,PM,71,21
331356,Weekend,AM,14,21
331356,Weekend,AM,16,6
331356,Weekend,AM,19,3
331356,Weekend,AM,20,9
331356,Weekend,AM,31,1
331356,Weekend,AM,37,1
331356,Weekend,AM,38,20
331356,Weekend,AM,40,9
331356,Weekend,AM,46,3
331356,Weekend,AM,47,4
331356,Weekend,AM,71,6
331356,Weekend,PM,14,42
331356,Weekend,PM,16,16
331356,Weekend,PM,17,8
331356,Weekend,PM,19,2
331356,Weekend,PM,20,16
331356,Weekend,PM,31,4
331356,Weekend,PM,38,11
331356,Weekend,PM,40,16
331356,Weekend,PM,46,3
331356,Weekend,PM,47,6
331356,Weekend,PM,71,7
331794,Week,AM,14,16
331794,Week,AM,16,38
331794,Week,AM,17,2
331794,Week,AM,19,9
331794,Week,AM,20,17
331794,Week,AM,21,30
331794,Week,AM,37,81
331794,Week,AM,38,108
331794,Week,AM,40,16
331794,Week,AM,46,2
331794,Week,AM,69,1
331794,Week,AM,71,15
331794,Week,PM,14,127
331794,Week,PM,16,68
331794,Week,PM,17,16
331794,Week,PM,19,32
331794,Week,PM,20,80
331794,Week,PM,21,24
331794,Week,PM,37,392
331794,Week,PM,38,475
331794,Week,PM,40,59
331794,Week,PM,42,1
331794,Week,PM,46,17
331794,Week,PM,69,2
331794,Week,PM,71,60
331794,Weekend,PM,14,6
331794,Weekend,PM,20,2
331794,Weekend,PM,37,2
331794,Weekend,PM,38,9
331794,Weekend,PM,40,4
331794,Weekend,PM,71,5
331829,Week,AM,14,15
331829,Week,AM,17,1
331829,Week,AM,19,1
331829,Week,AM,31,7
331829,Week,AM,40,1
331829,Week,AM,42,2
331829,Week,AM,46,1
331829,Week,AM,69,12
331829,Week,PM,14,187
331829,Week,PM,17,15
331829,Week,PM,19,6
331829,Week,PM,20,1
331829,Week,PM,31,260
331829,Week,PM,40,9
331829,Week,PM,42,55
331829,Week,PM,46,5
331829,Week,PM,47,6
331829,Week,PM,69,104
331829,Week,PM,71,9
331829,Weekend,AM,14,69
331829,Weekend,AM,17,40
331829,Weekend,AM,19,11
331829,Weekend,AM,31,24
331829,Weekend,AM,37,2
331829,Weekend,AM,38,15
331829,Weekend,AM,40,64
331829,Weekend,AM,42,1
331829,Weekend,AM,46,8
331829,Weekend,AM,47,32
331829,Weekend,AM,69,14
331829,Weekend,AM,71,31
331829,Weekend,PM,14,75
331829,Weekend,PM,17,34
331829,Weekend,PM,19,11
331829,Weekend,PM,20,5
331829,Weekend,PM,31,13
331829,Weekend,PM,37,3
331829,Weekend,PM,38,12
331829,Weekend,PM,40,52
331829,Weekend,PM,42,1
331829,Weekend,PM,46,12
331829,Weekend,PM,47,7
331829,Weekend,PM,69,3
331829,Weekend,PM,71,15
332944,Week,AM,14,223
332944,Week,AM,16,87
332944,Week,AM,17,10
332944,Week,AM,19,22
332944,Week,AM,20,62
332944,Week,AM,21,25
332944,Week,AM,31,98
332944,Week,AM,38,10
332944,Week,AM,40,4
332944,Week,AM,42,1
332944,Week,AM,46,17
332944,Week,AM,47,25
332944,Week,AM,69,32
332944,Week,AM,71,43
332944,Week,PM,14,41
332944,Week,PM,16,20
332944,Week,PM,17,3
332944,Week,PM,19,13
332944,Week,PM,20,11
332944,Week,PM,21,2
332944,Week,PM,31,31
332944,Week,PM,38,6
332944,Week,PM,46,6
332944,Week,PM,47,6
332944,Week,PM,69,9
332944,Week,PM,71,11
332944,Weekend,AM,14,43
332944,Weekend,AM,16,12
332944,Weekend,AM,17,2
332944,Weekend,AM,19,8
332944,Weekend,AM,20,18
332944,Weekend,AM,31,8
332944,Weekend,AM,38,19
332944,Weekend,AM,40,10
332944,Weekend,AM,46,9
332944,Weekend,AM,69,2
332944,Weekend,AM,71,16
332944,Weekend,PM,14,68
332944,Weekend,PM,16,27
332944,Weekend,PM,19,8
332944,Weekend,PM,20,19
332944,Weekend,PM,31,36
332944,Weekend,PM,37,3
332944,Weekend,PM,38,9
332944,Weekend,PM,40,5
332944,Weekend,PM,46,13
332944,Weekend,PM,69,7
332944,Weekend,PM,71,14
341171,Week,AM,14,615
341171,Week,AM,16,212
341171,Week,AM,17,74
341171,Week,AM,19,28
341171,Week,AM,20,195
341171,Week,AM,21,174
341171,Week,AM,31,2
341171,Week,AM,37,77
341171,Week,AM,38,380
341171,Week,AM,40,25
341171,Week,AM,46,1
341171,Week,AM,69,304
341171,Week,AM,71,52
341171,Week,PM,14,80
341171,Week,PM,16,4
341171,Week,PM,17,6
341171,Week,PM,19,14
341171,Week,PM,20,14
341171,Week,PM,21,1
341171,Week,PM,37,21
341171,Week,PM,38,100
341171,Week,PM,40,3
341171,Week,PM,69,35
341171,Week,PM,71,4
341171,Weekend,AM,14,2
341171,Weekend,AM,16,2
341171,Weekend,AM,20,4
341171,Weekend,AM,37,2
341171,Weekend,AM,38,22
341171,Weekend,AM,40,2
341171,Weekend,AM,69,4
341171,Weekend,AM,71,3
341171,Weekend,PM,14,3
341171,Weekend,PM,16,1
341171,Weekend,PM,20,1
341171,Weekend,PM,37,2
341171,Weekend,PM,38,11
341171,Weekend,PM,40,3
341171,Weekend,PM,71,1
341240,Week,AM,14,3
341240,Week,AM,17,3
341240,Week,AM,31,2
341240,Week,AM,42,3
341240,Week,AM,69,4
341240,Week,PM,14,569
341240,Week,PM,16,1
341240,Week,PM,17,14
341240,Week,PM,19,20
341240,Week,PM,20,3
341240,Week,PM,31,271
341240,Week,PM,38,2
341240,Week,PM,40,16
341240,Week,PM,42,316
341240,Week,PM,46,7
341240,Week,PM,47,154
341240,Week,PM,69,407
341240,Week,PM,71,12
341240,Weekend,AM,14,6
341240,Weekend,AM,40,5
341240,Weekend,PM,14,12
341240,Weekend,PM,20,1
341240,Weekend,PM,40,6
341240,Weekend,PM,46,2
341240,Weekend,PM,71,6
341891,Week,AM,14,225
341891,Week,AM,17,20
341891,Week,AM,19,7
341891,Week,AM,20,3
341891,Week,AM,31,165
341891,Week,AM,38,4
341891,Week,AM,40,9
341891,Week,AM,42,73
341891,Week,AM,46,28
341891,Week,AM,47,125
341891,Week,AM,69,694
341891,Week,AM,71,12
341891,Week,PM,14,17
341891,Week,PM,17,1
341891,Week,PM,19,1
341891,Week,PM,31,21
341891,Week,PM,42,11
341891,Week,PM,47,6
341891,Week,PM,69,22
341891,Week,PM,71,2
341964,Week,AM,14,521
341964,Week,AM,16,2
341964,Week,AM,17,20
341964,Week,AM,19,17
341964,Week,AM,20,2
341964,Week,AM,31,74
341964,Week,AM,38,13
341964,Week,AM,40,35
341964,Week,AM,42,82
341964,Week,AM,46,1
341964,Week,AM,47,195
341964,Week,AM,69,903
341964,Week,PM,14,39
341964,Week,PM,17,1
341964,Week,PM,19,1
341964,Week,PM,31,19
341964,Week,PM,40,2
341964,Week,PM,42,21
341964,Week,PM,47,12
341964,Week,PM,69,79
341964,Weekend,PM,14,1
341964,Weekend,PM,17,1
341964,Weekend,PM,31,3
341964,Weekend,PM,37,2
341964,Weekend,PM,38,3
341964,Weekend,PM,42,1
341964,Weekend,PM,69,1
343455,Week,AM,14,319
343455,Week,AM,16,25
343455,Week,AM,17,7
343455,Week,AM,19,21
343455,Week,AM,20,16
343455,Week,AM,21,36
343455,Week,AM,31,51
343455,Week,AM,37,1
343455,Week,AM,38,17
343455,Week,AM,40,11
343455,Week,AM,42,36
343455,Week,AM,46,5
343455,Week,AM,47,92
343455,Week,AM,69,189
343455,Week,AM,71,45
343455,Week,PM,14,12
343455,Week,PM,16,3
343455,Week,PM,17,1
343455,Week,PM,19,2
343455,Week,PM,20,1
343455,Week,PM,21,3
343455,Week,PM,31,11
343455,Week,PM,37,1
343455,Week,PM,38,2
343455,Week,PM,42,4
343455,Week,PM,46,2
343455,Week,PM,47,3
343455,Week,PM,69,28
343455,Week,PM,71,10
343455,Weekend,AM,14,40
343455,Weekend,AM,16,6
343455,Weekend,AM,17,13
343455,Weekend,AM,19,2
343455,Weekend,AM,20,13
343455,Weekend,AM,31,5
343455,Weekend,AM,37,3
343455,Weekend,AM,38,13
343455,Weekend,AM,40,6
343455,Weekend,AM,46,3
343455,Weekend,AM,47,4
343455,Weekend,AM,69,6
343455,Weekend,AM,71,15
343455,Weekend,PM,14,97
343455,Weekend,PM,16,14
343455,Weekend,PM,17,4
343455,Weekend,PM,19,8
343455,Weekend,PM,20,14
343455,Weekend,PM,31,7
343455,Weekend,PM,37,4
343455,Weekend,PM,38,4
343455,Weekend,PM,40,7
343455,Weekend,PM,42,1
343455,Weekend,PM,46,2
343455,Weekend,PM,47,4
343455,Weekend,PM,69,4
343455,Weekend,PM,71,22
343930,Week,AM,14,118
343930,Week,AM,16,127
343930,Week,AM,17,7
343930,Week,AM,19,44
343930,Week,AM,20,28
343930,Week,AM,21,442
343930,Week,AM,37,59
343930,Week,AM,38,200
343930,Week,AM,40,43
343930,Week,AM,46,28
343930,Week,AM,69,5
343930,Week,AM,71,27
343930,Week,PM,14,9
343930,Week,PM,16,21
343930,Week,PM,19,29
343930,Week,PM,20,6
343930,Week,PM,21,13
343930,Week,PM,37,20
343930,Week,PM,38,31
343930,Week,PM,40,19
343930,Week,PM,46,29
343930,Week,PM,71,4
345369,Week,AM,14,706
345369,Week,AM,17,31
345369,Week,AM,19,20
345369,Week,AM,20,9
345369,Week,AM,31,23
345369,Week,AM,38,1
345369,Week,AM,40,20
345369,Week,AM,42,37
345369,Week,AM,46,3
345369,Week,AM,47,277
345369,Week,AM,69,508
345369,Week,AM,71,1
345369,Week,PM,14,51
345369,Week,PM,17,5
345369,Week,PM,19,2
345369,Week,PM,31,1
345369,Week,PM,40,1
345369,Week,PM,42,4
345369,Week,PM,47,21
345369,Week,PM,69,29
345369,Weekend,AM,14,32
345369,Weekend,AM,17,5
345369,Weekend,AM,19,1
345369,Weekend,AM,20,2
345369,Weekend,AM,31,6
345369,Weekend,AM,37,4
345369,Weekend,AM,38,32
345369,Weekend,AM,42,2
345369,Weekend,AM,47,20
345369,Weekend,AM,69,28
345369,Weekend,AM,71,2
345369,Weekend,PM,14,6
345369,Weekend,PM,17,1
345369,Weekend,PM,31,2
345369,Weekend,PM,37,2
345369,Weekend,PM,38,2
345369,Weekend,PM,47,1
345369,Weekend,PM,69,1
345388,Week,AM,14,289
345388,Week,AM,16,5
345388,Week,AM,17,8
345388,Week,AM,19,17
345388,Week,AM,20,2
345388,Week,AM,21,2
345388,Week,AM,31,78
345388,Week,AM,37,1
345388,Week,AM,38,3
345388,Week,AM,40,14
345388,Week,AM,42,56
345388,Week,AM,46,7
345388,Week,AM,47,189
345388,Week,AM,69,505
345388,Week,AM,71,20
345388,Week,PM,14,15
345388,Week,PM,31,13
345388,Week,PM,37,2
345388,Week,PM,38,1
345388,Week,PM,40,1
345388,Week,PM,42,18
345388,Week,PM,46,1
345388,Week,PM,47,26
345388,Week,PM,69,28
345388,Week,PM,71,2
345388,Weekend,AM,14,2
345388,Weekend,AM,40,1
345388,Weekend,AM,71,9
345388,Weekend,PM,14,2
345388,Weekend,PM,17,1
345388,Weekend,PM,31,6
345388,Weekend,PM,42,3
345388,Weekend,PM,47,1
345388,Weekend,PM,69,6
345388,Weekend,PM,71,1
345513,Week,AM,14,371
345513,Week,AM,17,12
345513,Week,AM,19,28
345513,Week,AM,20,2
345513,Week,AM,31,57
345513,Week,AM,40,25
345513,Week,AM,42,164
345513,Week,AM,47,221
345513,Week,AM,69,612
345513,Week,AM,71,30
345513,Week,PM,14,59
345513,Week,PM,17,2
345513,Week,PM,19,7
345513,Week,PM,31,18
345513,Week,PM,40,5
345513,Week,PM,42,43
345513,Week,PM,46,1
345513,Week,PM,47,30
345513,Week,PM,69,73
345513,Week,PM,71,6
345513,Weekend,AM,14,14
345513,Weekend,AM,19,2
345513,Weekend,AM,20,1
345513,Weekend,AM,21,9
345513,Weekend,AM,31,2
345513,Weekend,AM,37,2
345513,Weekend,AM,38,12
345513,Weekend,AM,42,2
345513,Weekend,AM,47,1
345513,Weekend,AM,69,6
345513,Weekend,AM,71,3
345513,Weekend,PM,14,3
345513,Weekend,PM,17,1
345513,Weekend,PM,20,3
345513,Weekend,PM,31,3
345513,Weekend,PM,37,3
345513,Weekend,PM,38,6
345513,Weekend,PM,46,1
345513,Weekend,PM,47,3
345513,Weekend,PM,69,3
345513,Weekend,PM,71,5
345535,Week,AM,14,133
345535,Week,AM,16,38
345535,Week,AM,17,3
345535,Week,AM,19,61
345535,Week,AM,20,12
345535,Week,AM,21,46
345535,Week,AM,40,39
345535,Week,AM,46,14
345535,Week,AM,47,1
345535,Week,AM,71,3
345535,Week,PM,14,379
345535,Week,PM,16,33
345535,Week,PM,17,20
345535,Week,PM,19,143
345535,Week,PM,20,71
345535,Week,PM,31,1
345535,Week,PM,40,175
345535,Week,PM,46,73
345535,Week,PM,71,7
345535,Weekend,AM,14,16
345535,Weekend,AM,16,1
345535,Weekend,AM,19,3
345535,Weekend,AM,31,3
345535,Weekend,AM,40,1
345535,Weekend,AM,71,1
345535,Weekend,PM,14,5
345535,Weekend,PM,19,2
345535,Weekend,PM,31,1
345535,Weekend,PM,40,2
345551,Week,AM,14,654
345551,Week,AM,16,9
345551,Week,AM,17,5
345551,Week,AM,19,28
345551,Week,AM,20,8
345551,Week,AM,21,264
345551,Week,AM,31,31
345551,Week,AM,38,5
345551,Week,AM,40,16
345551,Week,AM,46,47
345551,Week,AM,47,150
345551,Week,AM,69,27
345551,Week,AM,71,19
345551,Week,PM,14,45
345551,Week,PM,16,1
345551,Week,PM,19,7
345551,Week,PM,20,1
345551,Week,PM,21,13
345551,Week,PM,31,8
345551,Week,PM,42,1
345551,Week,PM,46,1
345551,Week,PM,47,18
345551,Week,PM,69,9
345551,Week,PM,71,3
345551,Weekend,AM,14,34
345551,Weekend,AM,17,1
345551,Weekend,AM,19,7
345551,Weekend,AM,20,1
345551,Weekend,AM,31,2
345551,Weekend,AM,38,1
345551,Weekend,AM,40,3
345551,Weekend,AM,46,7
345551,Weekend,AM,47,13
345551,Weekend,AM,69,4
345551,Weekend,AM,71,1
345551,Weekend,PM,14,86
345551,Weekend,PM,16,4
345551,Weekend,PM,19,10
345551,Weekend,PM,20,1
345551,Weekend,PM,31,18
345551,Weekend,PM,38,2
345551,Weekend,PM,40,4
345551,Weekend,PM,46,3
345551,Weekend,PM,47,2
345551,Weekend,PM,69,2
345551,Weekend,PM,71,4
345557,Week,AM,14,111
345557,Week,AM,16,5
345557,Week,AM,17,5
345557,Week,AM,19,8
345557,Week,AM,20,3
345557,Week,AM,21,33
345557,Week,AM,31,48
345557,Week,AM,38,14
345557,Week,AM,40,17
345557,Week,AM,42,9
345557,Week,AM,46,2
345557,Week,AM,47,34
345557,Week,AM,69,371
345557,Week,AM,71,7
345557,Week,PM,14,20
345557,Week,PM,17,1
345557,Week,PM,19,2
345557,Week,PM,20,1
345557,Week,PM,31,9
345557,Week,PM,38,7
345557,Week,PM,40,2
345557,Week,PM,42,6
345557,Week,PM,47,8
345557,Week,PM,69,57
345557,Weekend,AM,14,7
345557,Weekend,AM,19,2
345557,Weekend,AM,20,1
345557,Weekend,AM,38,1
345557,Weekend,AM,40,2
345557,Weekend,AM,46,3
345557,Weekend,AM,71,1
345557,Weekend,PM,14,7
345557,Weekend,PM,19,4
345557,Weekend,PM,20,2
345557,Weekend,PM,31,1
345557,Weekend,PM,38,3
345557,Weekend,PM,40,4
345557,Weekend,PM,42,1
345557,Weekend,PM,69,1
345557,Weekend,PM,71,4
346045,Week,AM,14,180
346045,Week,AM,16,41
346045,Week,AM,17,14
346045,Week,AM,19,64
346045,Week,AM,20,39
346045,Week,AM,21,215
346045,Week,AM,37,163
346045,Week,AM,38,296
346045,Week,AM,40,48
346045,Week,AM,46,37
346045,Week,AM,71,24
346045,Week,PM,14,9
346045,Week,PM,19,3
346045,Week,PM,20,1
346045,Week,PM,21,2
346045,Week,PM,37,10
346045,Week,PM,38,6
346045,Week,PM,46,1
346045,Week,PM,69,1
346045,Weekend,AM,38,1
346045,Weekend,AM,46,1
346086,Week,AM,14,366
346086,Week,AM,16,443
346086,Week,AM,17,7
346086,Week,AM,19,36
346086,Week,AM,20,80
346086,Week,AM,21,533
346086,Week,AM,31,1
346086,Week,AM,37,46
346086,Week,AM,38,121
346086,Week,AM,40,114
346086,Week,AM,46,38
346086,Week,AM,69,1
346086,Week,AM,71,32
346086,Week,PM,14,43
346086,Week,PM,16,91
346086,Week,PM,17,2
346086,Week,PM,19,24
346086,Week,PM,20,30
346086,Week,PM,21,25
346086,Week,PM,31,1
346086,Week,PM,37,3
346086,Week,PM,38,19
346086,Week,PM,40,26
346086,Week,PM,46,18
346086,Week,PM,71,5
346086,Weekend,AM,14,6
346086,Weekend,AM,16,73
346086,Weekend,AM,19,10
346086,Weekend,AM,20,30
346086,Weekend,AM,21,33
346086,Weekend,AM,37,10
346086,Weekend,AM,38,34
346086,Weekend,AM,40,27
346086,Weekend,AM,46,8
346086,Weekend,AM,71,10
346086,Weekend,PM,14,3
346086,Weekend,PM,16,1
346086,Weekend,PM,20,5
346086,Weekend,PM,38,1
346086,Weekend,PM,40,1
346157,Week,AM,14,305
346157,Week,AM,16,392
346157,Week,AM,17,43
346157,Week,AM,19,31
346157,Week,AM,20,149
346157,Week,AM,21,202
346157,Week,AM,31,17
346157,Week,AM,37,87
346157,Week,AM,38,183
346157,Week,AM,40,17
346157,Week,AM,42,21
346157,Week,AM,46,14
346157,Week,AM,69,64
346157,Week,AM,71,33
346157,Week,PM,14,41
346157,Week,PM,16,25
346157,Week,PM,17,13
346157,Week,PM,19,3
346157,Week,PM,20,15
346157,Week,PM,31,7
346157,Week,PM,37,25
346157,Week,PM,38,33
346157,Week,PM,40,5
346157,Week,PM,42,4
346157,Week,PM,46,5
346157,Week,PM,69,11
346157,Week,PM,71,7
346157,Weekend,AM,14,23
346157,Weekend,AM,16,13
346157,Weekend,AM,17,8
346157,Weekend,AM,19,1
346157,Weekend,AM,20,1
346157,Weekend,AM,21,10
346157,Weekend,AM,31,1
346157,Weekend,AM,37,14
346157,Weekend,AM,38,77
346157,Weekend,AM,40,3
346157,Weekend,AM,42,2
346157,Weekend,AM,46,6
346157,Weekend,AM,69,2
346157,Weekend,AM,71,8
346157,Weekend,PM,14,1
346157,Weekend,PM,16,1
346157,Weekend,PM,19,1
346157,Weekend,PM,20,1
346157,Weekend,PM,31,1
346157,Weekend,PM,37,12
346157,Weekend,PM,38,7
346157,Weekend,PM,40,1
346157,Weekend,PM,69,1
346157,Weekend,PM,71,1
346166,Week,AM,14,574
346166,Week,AM,16,1
346166,Week,AM,17,31
346166,Week,AM,19,21
346166,Week,AM,20,4
346166,Week,AM,31,164
346166,Week,AM,37,3
346166,Week,AM,38,3
346166,Week,AM,40,7
346166,Week,AM,42,124
346166,Week,AM,46,13
346166,Week,AM,47,280
346166,Week,AM,69,639
346166,Week,AM,71,22
346166,Week,PM,14,63
346166,Week,PM,17,2
346166,Week,PM,19,4
346166,Week,PM,31,36
346166,Week,PM,38,1
346166,Week,PM,40,1
346166,Week,PM,42,21
346166,Week,PM,46,2
346166,Week,PM,47,21
346166,Week,PM,69,40
346166,Week,PM,71,3
346166,Weekend,AM,14,173
346166,Weekend,AM,16,3
346166,Weekend,AM,17,14
346166,Weekend,AM,19,10
346166,Weekend,AM,20,5
346166,Weekend,AM,21,2
346166,Weekend,AM,31,13
346166,Weekend,AM,37,4
346166,Weekend,AM,38,44
346166,Weekend,AM,40,3
346166,Weekend,AM,42,1
346166,Weekend,AM,46,50
346166,Weekend,AM,47,62
346166,Weekend,AM,69,54
346166,Weekend,AM,71,3
346166,Weekend,PM,14,7
346166,Weekend,PM,16,1
346166,Weekend,PM,20,1
346166,Weekend,PM,40,2
346166,Weekend,PM,46,2
346166,Weekend,PM,69,3
346167,Week,AM,14,545
346167,Week,AM,17,18
346167,Week,AM,19,22
346167,Week,AM,20,3
346167,Week,AM,31,66
346167,Week,AM,38,10
346167,Week,AM,40,26
346167,Week,AM,42,110
346167,Week,AM,46,3
346167,Week,AM,47,295
346167,Week,AM,69,670
346167,Week,AM,71,18
346167,Week,PM,14,70
346167,Week,PM,17,3
346167,Week,PM,19,2
346167,Week,PM,31,10
346167,Week,PM,37,1
346167,Week,PM,38,1
346167,Week,PM,40,4
346167,Week,PM,42,43
346167,Week,PM,47,38
346167,Week,PM,69,64
346167,Week,PM,71,4
346167,Weekend,AM,14,5
346167,Weekend,AM,19,1
346167,Weekend,AM,31,1
346167,Weekend,AM,37,1
346167,Weekend,AM,38,6
346167,Weekend,AM,69,1
346167,Weekend,AM,71,1
346192,Week,AM,14,262
346192,Week,AM,16,9
346192,Week,AM,17,11
346192,Week,AM,19,24
346192,Week,AM,20,2
346192,Week,AM,31,71
346192,Week,AM,38,2
346192,Week,AM,40,16
346192,Week,AM,42,81
346192,Week,AM,46,5
346192,Week,AM,47,126
346192,Week,AM,69,650
346192,Week,AM,71,20
346192,Week,PM,14,17
346192,Week,PM,17,1
346192,Week,PM,19,2
346192,Week,PM,31,28
346192,Week,PM,40,4
346192,Week,PM,42,33
346192,Week,PM,47,13
346192,Week,PM,69,40
346192,Week,PM,71,4
346192,Weekend,AM,14,4
346192,Weekend,AM,20,1
346192,Weekend,AM,40,3
346192,Weekend,AM,46,3
346192,Weekend,PM,14,3
346192,Weekend,PM,20,2
346192,Weekend,PM,40,1
346204,Week,AM,14,712
346204,Week,AM,16,53
346204,Week,AM,17,1
346204,Week,AM,19,75
346204,Week,AM,20,3
346204,Week,AM,21,66
346204,Week,AM,31,26
346204,Week,AM,40,18
346204,Week,AM,46,35
346204,Week,AM,47,218
346204,Week,AM,69,1
346204,Week,AM,71,6
346204,Week,PM,14,26
346204,Week,PM,16,7
346204,Week,PM,19,3
346204,Week,PM,20,9
346204,Week,PM,31,5
346204,Week,PM,40,1
346204,Week,PM,46,5
346204,Week,PM,47,9
346204,Week,PM,69,1
346204,Weekend,AM,14,36
346204,Weekend,AM,16,1
346204,Weekend,AM,17,7
346204,Weekend,AM,19,7
346204,Weekend,AM,46,2
346204,Weekend,AM,47,5
346204,Weekend,PM,14,11
346204,Weekend,PM,16,2
346204,Weekend,PM,17,7
346204,Weekend,PM,19,7
346204,Weekend,PM,31,1
346204,Weekend,PM,40,2
346204,Weekend,PM,46,3
346357,Week,AM,14,293
346357,Week,AM,16,748
346357,Week,AM,17,11
346357,Week,AM,19,52
346357,Week,AM,20,89
346357,Week,AM,21,283
346357,Week,AM,31,2
346357,Week,AM,37,78
346357,Week,AM,38,212
346357,Week,AM,40,33
346357,Week,AM,42,1
346357,Week,AM,46,90
346357,Week,AM,69,9
346357,Week,AM,71,15
346357,Week,PM,14,27
346357,Week,PM,16,40
346357,Week,PM,17,5
346357,Week,PM,19,32
346357,Week,PM,20,10
346357,Week,PM,31,1
346357,Week,PM,37,23
346357,Week,PM,38,43
346357,Week,PM,40,17
346357,Week,PM,46,41
346357,Week,PM,71,2
346357,Weekend,AM,14,9
346357,Weekend,AM,16,18
346357,Weekend,AM,21,1
346357,Weekend,AM,31,3
346357,Weekend,AM,38,11
346357,Weekend,AM,46,1
346357,Weekend,AM,69,2
346357,Weekend,AM,71,1
346357,Weekend,PM,38,4
346357,Weekend,PM,46,1
347576,Week,PM,14,138
347576,Week,PM,16,15
347576,Week,PM,17,3
347576,Week,PM,19,28
347576,Week,PM,20,9
347576,Week,PM,31,70
347576,Week,PM,37,1
347576,Week,PM,38,9
347576,Week,PM,40,5
347576,Week,PM,42,21
347576,Week,PM,46,6
347576,Week,PM,69,74
347576,Week,PM,71,22
347576,Weekend,AM,19,1
347576,Weekend,AM,46,1
347576,Weekend,PM,14,16
347576,Weekend,PM,17,1
347576,Weekend,PM,19,1
347576,Weekend,PM,40,3
347576,Weekend,PM,46,4
347576,Weekend,PM,71,3
347581,Week,AM,16,2
347581,Week,AM,20,1
347581,Week,AM,37,9
347581,Week,AM,38,22
347581,Week,PM,14,25
347581,Week,PM,16,33
347581,Week,PM,17,16
347581,Week,PM,19,12
347581,Week,PM,20,9
347581,Week,PM,21,8
347581,Week,PM,37,131
347581,Week,PM,38,227
347581,Week,PM,40,7
347581,Week,PM,42,2
347581,Week,PM,46,6
347581,Week,PM,69,1
347581,Week,PM,71,2
347581,Weekend,PM,14,1
347581,Weekend,PM,37,1
347581,Weekend,PM,38,1
347594,Week,AM,14,128
347594,Week,AM,17,11
347594,Week,AM,19,5
347594,Week,AM,31,16
347594,Week,AM,40,8
347594,Week,AM,42,11
347594,Week,AM,46,2
347594,Week,AM,47,44
347594,Week,AM,69,106
347594,Week,AM,71,1
347594,Week,PM,14,282
347594,Week,PM,16,33
347594,Week,PM,17,20
347594,Week,PM,19,22
347594,Week,PM,20,16
347594,Week,PM,31,73
347594,Week,PM,37,5
347594,Week,PM,38,17
347594,Week,PM,40,24
347594,Week,PM,42,25
347594,Week,PM,46,73
347594,Week,PM,47,28
347594,Week,PM,69,73
347594,Week,PM,71,3
347594,Weekend,AM,14,7
347594,Weekend,AM,17,1
347594,Weekend,AM,40,2
347594,Weekend,AM,71,1
347594,Weekend,PM,14,9
347594,Weekend,PM,17,4
347594,Weekend,PM,19,5
347594,Weekend,PM,40,3
347594,Weekend,PM,71,2
347679,Week,AM,14,430
347679,Week,AM,19,26
347679,Week,AM,31,51
347679,Week,AM,40,8
347679,Week,AM,42,1
347679,Week,AM,47,194
347679,Week,AM,69,588
347679,Week,AM,71,9
347679,Weekend,PM,19,1
348515,Week,AM,14,204
348515,Week,AM,16,58
348515,Week,AM,17,34
348515,Week,AM,19,69
348515,Week,AM,20,345
348515,Week,AM,21,434
348515,Week,AM,31,3
348515,Week,AM,37,176
348515,Week,AM,38,406
348515,Week,AM,40,69
348515,Week,AM,46,37
348515,Week,AM,69,2
348515,Week,AM,71,84
348515,Week,PM,14,19
348515,Week,PM,16,6
348515,Week,PM,17,1
348515,Week,PM,19,14
348515,Week,PM,20,13
348515,Week,PM,21,25
348515,Week,PM,37,4
348515,Week,PM,38,7
348515,Week,PM,40,10
348515,Week,PM,46,2
348515,Weekend,AM,14,2
348515,Weekend,AM,19,1
348515,Weekend,AM,20,1
348515,Weekend,AM,37,20
348515,Weekend,AM,38,29
348515,Weekend,AM,40,3
348515,Weekend,AM,46,2
348515,Weekend,AM,71,3
348515,Weekend,PM,16,1
348515,Weekend,PM,17,1
348515,Weekend,PM,19,1
348515,Weekend,PM,20,4
348515,Weekend,PM,37,6
348515,Weekend,PM,38,13
348515,Weekend,PM,40,1
348515,Weekend,PM,46,1
348515,Weekend,PM,71,2
348553,Week,PM,14,98
348553,Week,PM,17,16
348553,Week,PM,19,1
348553,Week,PM,20,11
348553,Week,PM,21,1
348553,Week,PM,31,111
348553,Week,PM,37,29
348553,Week,PM,38,57
348553,Week,PM,40,3
348553,Week,PM,42,79
348553,Week,PM,46,14
348553,Week,PM,47,55
348553,Week,PM,69,467
348553,Weekend,PM,69,1
349904,Week,AM,14,630
349904,Week,AM,17,18
349904,Week,AM,19,18
349904,Week,AM,20,7
349904,Week,AM,31,269
349904,Week,AM,38,7
349904,Week,AM,40,26
349904,Week,AM,42,73
349904,Week,AM,46,18
349904,Week,AM,47,194
349904,Week,AM,69,527
349904,Week,AM,71,26
349904,Week,PM,14,45
349904,Week,PM,17,2
349904,Week,PM,19,4
349904,Week,PM,31,45
349904,Week,PM,38,1
349904,Week,PM,40,2
349904,Week,PM,42,12
349904,Week,PM,46,5
349904,Week,PM,47,17
349904,Week,PM,69,31
349904,Week,PM,71,2
349904,Weekend,AM,14,13
349904,Weekend,AM,17,1
349904,Weekend,AM,19,1
349904,Weekend,AM,31,13
349904,Weekend,AM,37,2
349904,Weekend,AM,38,15
349904,Weekend,AM,40,4
349904,Weekend,AM,42,3
349904,Weekend,AM,46,2
349904,Weekend,AM,47,12
349904,Weekend,AM,69,13
349904,Weekend,AM,71,4
349904,Weekend,PM,14,1
349904,Weekend,PM,38,2
349904,Weekend,PM,47,1
350307,Week,AM,14,156
350307,Week,AM,16,317
350307,Week,AM,17,3
350307,Week,AM,19,55
350307,Week,AM,20,75
350307,Week,AM,21,679
350307,Week,AM,31,4
350307,Week,AM,37,77
350307,Week,AM,38,223
350307,Week,AM,40,60
350307,Week,AM,42,1
350307,Week,AM,46,62
350307,Week,AM,69,37
350307,Week,AM,71,70
350307,Week,PM,14,31
350307,Week,PM,16,42
350307,Week,PM,17,4
350307,Week,PM,19,15
350307,Week,PM,20,19
350307,Week,PM,21,1
350307,Week,PM,31,4
350307,Week,PM,37,31
350307,Week,PM,38,47
350307,Week,PM,40,16
350307,Week,PM,46,24
350307,Week,PM,69,8
350307,Week,PM,71,7
350513,Week,AM,14,124
350513,Week,AM,16,821
350513,Week,AM,17,3
350513,Week,AM,19,14
350513,Week,AM,20,221
350513,Week,AM,21,83
350513,Week,AM,37,13
350513,Week,AM,38,36
350513,Week,AM,40,20
350513,Week,AM,46,13
350513,Week,AM,47,1
350513,Week,AM,69,1
350513,Week,AM,71,13
350513,Week,PM,14,19
350513,Week,PM,16,64
350513,Week,PM,17,1
350513,Week,PM,19,4
350513,Week,PM,20,8
350513,Week,PM,21,1
350513,Week,PM,37,4
350513,Week,PM,38,6
350513,Week,PM,46,2
350513,Week,PM,69,2
350513,Week,PM,71,2
350513,Weekend,AM,14,17
350513,Weekend,AM,16,24
350513,Weekend,AM,17,1
350513,Weekend,AM,19,4
350513,Weekend,AM,20,6
350513,Weekend,AM,21,15
350513,Weekend,AM,37,8
350513,Weekend,AM,38,65
350513,Weekend,AM,40,25
350513,Weekend,AM,46,2
350513,Weekend,AM,69,1
350513,Weekend,AM,71,13
350513,Weekend,PM,14,2
350513,Weekend,PM,20,1
350513,Weekend,PM,37,3
350513,Weekend,PM,38,6
351202,Week,AM,14,249
351202,Week,AM,17,11
351202,Week,AM,19,23
351202,Week,AM,20,16
351202,Week,AM,31,67
351202,Week,AM,40,20
351202,Week,AM,42,82
351202,Week,AM,46,7
351202,Week,AM,47,104
351202,Week,AM,69,340
351202,Week,AM,71,4
351202,Week,PM,14,23
351202,Week,PM,17,1
351202,Week,PM,19,3
351202,Week,PM,20,4
351202,Week,PM,31,11
351202,Week,PM,40,2
351202,Week,PM,42,21
351202,Week,PM,46,3
351202,Week,PM,47,13
351202,Week,PM,69,46
351202,Week,PM,71,1
351202,Weekend,AM,14,34
351202,Weekend,AM,17,2
351202,Weekend,AM,19,2
351202,Weekend,AM,31,7
351202,Weekend,AM,37,1
351202,Weekend,AM,38,17
351202,Weekend,AM,40,5
351202,Weekend,AM,42,3
351202,Weekend,AM,46,1
351202,Weekend,AM,47,21
351202,Weekend,AM,69,16
351202,Weekend,PM,14,7
351202,Weekend,PM,17,1
351202,Weekend,PM,20,1
351202,Weekend,PM,31,17
351202,Weekend,PM,37,2
351202,Weekend,PM,38,5
351202,Weekend,PM,40,1
351202,Weekend,PM,42,3
351202,Weekend,PM,46,4
351202,Weekend,PM,47,3
351262,Week,AM,14,60
351262,Week,AM,16,27
351262,Week,AM,17,5
351262,Week,AM,19,21
351262,Week,AM,20,6
351262,Week,AM,21,8
351262,Week,AM,31,4
351262,Week,AM,37,196
351262,Week,AM,38,220
351262,Week,AM,40,112
351262,Week,AM,42,3
351262,Week,AM,46,34
351262,Week,AM,69,10
351262,Week,AM,71,23
351262,Week,PM,14,118
351262,Week,PM,16,230
351262,Week,PM,17,10
351262,Week,PM,19,33
351262,Week,PM,20,77
351262,Week,PM,21,2
351262,Week,PM,31,8
351262,Week,PM,37,209
351262,Week,PM,38,253
351262,Week,PM,40,178
351262,Week,PM,42,8
351262,Week,PM,46,56
351262,Week,PM,69,23
351262,Week,PM,71,37
351262,Weekend,AM,20,1
351262,Weekend,AM,38,4
351262,Weekend,AM,40,17
351262,Weekend,AM,71,1
351262,Weekend,PM,14,1
351262,Weekend,PM,37,4
351262,Weekend,PM,38,4
351262,Weekend,PM,40,10
351315,Week,AM,14,222
351315,Week,AM,16,175
351315,Week,AM,17,16
351315,Week,AM,19,82
351315,Week,AM,20,64
351315,Week,AM,21,592
351315,Week,AM,37,203
351315,Week,AM,38,312
351315,Week,AM,40,124
351315,Week,AM,46,33
351315,Week,AM,71,19
351315,Week,PM,14,20
351315,Week,PM,16,23
351315,Week,PM,17,18
351315,Week,PM,19,30
351315,Week,PM,20,21
351315,Week,PM,21,1
351315,Week,PM,37,44
351315,Week,PM,38,51
351315,Week,PM,40,21
351315,Week,PM,46,24
351315,Week,PM,71,2
351933,Week,AM,14,4
351933,Week,AM,19,1
351933,Week,AM,20,1
351933,Week,AM,31,10
351933,Week,AM,40,1
351933,Week,AM,42,1
351933,Week,AM,46,1
351933,Week,AM,47,6
351933,Week,AM,69,15
351933,Week,AM,71,4
351933,Week,PM,14,299
351933,Week,PM,16,2
351933,Week,PM,17,3
351933,Week,PM,19,43
351933,Week,PM,20,3
351933,Week,PM,31,704
351933,Week,PM,37,1
351933,Week,PM,38,1
351933,Week,PM,40,55
351933,Week,PM,42,171
351933,Week,PM,46,28
351933,Week,PM,47,78
351933,Week,PM,69,469
351933,Week,PM,71,32
352012,Week,AM,14,384
352012,Week,AM,16,6
352012,Week,AM,17,9
352012,Week,AM,19,57
352012,Week,AM,31,34
352012,Week,AM,38,4
352012,Week,AM,40,8
352012,Week,AM,42,2
352012,Week,AM,46,1
352012,Week,AM,47,166
352012,Week,AM,69,477
352012,Week,AM,71,10
352991,Week,PM,14,187
352991,Week,PM,16,62
352991,Week,PM,17,36
352991,Week,PM,19,41
352991,Week,PM,20,36
352991,Week,PM,31,56
352991,Week,PM,37,52
352991,Week,PM,38,68
352991,Week,PM,40,13
352991,Week,PM,42,27
352991,Week,PM,46,46
352991,Week,PM,47,6
352991,Week,PM,69,73
352991,Week,PM,71,13
352991,Weekend,AM,14,27
352991,Weekend,AM,16,5
352991,Weekend,AM,17,2
352991,Weekend,AM,19,5
352991,Weekend,AM,20,2
352991,Weekend,AM,31,8
352991,Weekend,AM,37,1
352991,Weekend,AM,38,9
352991,Weekend,AM,40,2
352991,Weekend,AM,46,12
352991,Weekend,AM,47,3
352991,Weekend,AM,69,13
352991,Weekend,AM,71,2
352991,Weekend,PM,38,1
352995,Week,AM,14,343
352995,Week,AM,16,26
352995,Week,AM,17,23
352995,Week,AM,19,17
352995,Week,AM,20,26
352995,Week,AM,21,5
352995,Week,AM,31,82
352995,Week,AM,38,5
352995,Week,AM,40,15
352995,Week,AM,42,71
352995,Week,AM,46,6
352995,Week,AM,47,83
352995,Week,AM,69,324
352995,Week,AM,71,9
352995,Week,PM,14,20
352995,Week,PM,19,3
352995,Week,PM,31,7
352995,Week,PM,37,1
352995,Week,PM,38,4
352995,Week,PM,40,1
352995,Week,PM,42,9
352995,Week,PM,46,1
352995,Week,PM,47,4
352995,Week,PM,69,20
352995,Week,PM,71,3
352995,Weekend,AM,14,59
352995,Weekend,AM,16,5
352995,Weekend,AM,17,2
352995,Weekend,AM,19,3
352995,Weekend,AM,20,8
352995,Weekend,AM,21,19
352995,Weekend,AM,31,34
352995,Weekend,AM,37,10
352995,Weekend,AM,38,56
352995,Weekend,AM,40,2
352995,Weekend,AM,42,2
352995,Weekend,AM,46,2
352995,Weekend,AM,47,13
352995,Weekend,AM,69,67
352995,Weekend,AM,71,11
352995,Weekend,PM,14,7
352995,Weekend,PM,19,1
352995,Weekend,PM,20,1
352995,Weekend,PM,31,12
352995,Weekend,PM,37,2
352995,Weekend,PM,38,9
352995,Weekend,PM,40,10
352995,Weekend,PM,42,3
352995,Weekend,PM,47,1
352995,Weekend,PM,69,9
352995,Weekend,PM,71,2
353431,Week,AM,14,121
353431,Week,AM,16,250
353431,Week,AM,17,10
353431,Week,AM,19,32
353431,Week,AM,20,240
353431,Week,AM,21,588
353431,Week,AM,31,7
353431,Week,AM,37,106
353431,Week,AM,38,243
353431,Week,AM,40,103
353431,Week,AM,46,39
353431,Week,AM,69,9
353431,Week,AM,71,96
353431,Week,PM,14,19
353431,Week,PM,16,47
353431,Week,PM,17,1
353431,Week,PM,19,9
353431,Week,PM,20,27
353431,Week,PM,21,14
353431,Week,PM,31,3
353431,Week,PM,37,35
353431,Week,PM,38,34
353431,Week,PM,40,21
353431,Week,PM,46,18
353431,Week,PM,69,7
353431,Week,PM,71,3
353512,Week,AM,16,2
353512,Week,AM,17,1
353512,Week,AM,19,1
353512,Week,AM,20,1
353512,Week,AM,37,2
353512,Week,AM,38,6
353512,Week,AM,46,1
353512,Week,AM,71,2
353512,Week,PM,14,84
353512,Week,PM,16,32
353512,Week,PM,17,39
353512,Week,PM,19,133
353512,Week,PM,20,47
353512,Week,PM,21,11
353512,Week,PM,37,562
353512,Week,PM,38,752
353512,Week,PM,40,127
353512,Week,PM,46,106
353512,Week,PM,71,64
353512,Weekend,AM,14,2
353512,Weekend,AM,20,1
353512,Weekend,AM,37,4
353512,Weekend,AM,38,10
353512,Weekend,AM,71,2
353512,Weekend,PM,14,3
353512,Weekend,PM,16,10
353512,Weekend,PM,17,4
353512,Weekend,PM,19,16
353512,Weekend,PM,20,6
353512,Weekend,PM,37,139
353512,Weekend,PM,38,240
353512,Weekend,PM,40,39
353512,Weekend,PM,46,17
353512,Weekend,PM,71,27
354048,Week,AM,14,10
354048,Week,AM,16,15
354048,Week,AM,17,2
354048,Week,AM,20,4
354048,Week,AM,38,5
354048,Week,AM,46,1
354048,Week,PM,14,192
354048,Week,PM,16,186
354048,Week,PM,17,89
354048,Week,PM,19,21
354048,Week,PM,20,205
354048,Week,PM,31,14
354048,Week,PM,37,113
354048,Week,PM,38,111
354048,Week,PM,40,13
354048,Week,PM,42,7
354048,Week,PM,46,78
354048,Week,PM,69,15
354048,Week,PM,71,28
354150,Week,AM,14,620
354150,Week,AM,17,36
354150,Week,AM,19,56
354150,Week,AM,31,97
354150,Week,AM,38,6
354150,Week,AM,40,14
354150,Week,AM,42,95
354150,Week,AM,46,4
354150,Week,AM,47,336
354150,Week,AM,69,672
354150,Week,AM,71,22
354150,Week,PM,14,45
354150,Week,PM,17,7
354150,Week,PM,19,6
354150,Week,PM,31,13
354150,Week,PM,40,2
354150,Week,PM,42,29
354150,Week,PM,46,1
354150,Week,PM,47,40
354150,Week,PM,69,51
354150,Week,PM,71,1
354150,Weekend,AM,14,35
354150,Weekend,AM,17,4
354150,Weekend,AM,19,1
354150,Weekend,AM,20,1
354150,Weekend,AM,31,12
354150,Weekend,AM,37,9
354150,Weekend,AM,38,57
354150,Weekend,AM,40,1
354150,Weekend,AM,42,5
354150,Weekend,AM,46,1
354150,Weekend,AM,47,16
354150,Weekend,AM,69,40
354150,Weekend,AM,71,4
354150,Weekend,PM,14,5
354150,Weekend,PM,17,1
354150,Weekend,PM,19,1
354150,Weekend,PM,31,1
354150,Weekend,PM,37,5
354150,Weekend,PM,38,5
354150,Weekend,PM,42,2
354150,Weekend,PM,47,5
354150,Weekend,PM,69,4
355057,Week,AM,14,92
355057,Week,AM,16,7
355057,Week,AM,17,5
355057,Week,AM,19,2
355057,Week,AM,20,29
355057,Week,AM,21,1
355057,Week,AM,31,17
355057,Week,AM,40,7
355057,Week,AM,42,5
355057,Week,AM,46,10
355057,Week,AM,47,21
355057,Week,AM,69,13
355057,Week,AM,71,1
355057,Week,PM,14,484
355057,Week,PM,16,39
355057,Week,PM,17,42
355057,Week,PM,19,24
355057,Week,PM,20,91
355057,Week,PM,31,178
355057,Week,PM,37,31
355057,Week,PM,38,26
355057,Week,PM,40,36
355057,Week,PM,42,91
355057,Week,PM,46,37
355057,Week,PM,47,60
355057,Week,PM,69,139
355057,Week,PM,71,18
355057,Weekend,AM,14,40
355057,Weekend,AM,16,10
355057,Weekend,AM,17,3
355057,Weekend,AM,19,10
355057,Weekend,AM,20,23
355057,Weekend,AM,21,24
355057,Weekend,AM,31,25
355057,Weekend,AM,38,6
355057,Weekend,AM,40,2
355057,Weekend,AM,46,7
355057,Weekend,AM,47,7
355057,Weekend,AM,69,8
355057,Weekend,AM,71,8
355057,Weekend,PM,14,2
355057,Weekend,PM,16,1
355057,Weekend,PM,19,1
355057,Weekend,PM,31,2
355057,Weekend,PM,37,1
355057,Weekend,PM,40,1
355057,Weekend,PM,42,1
355057,Weekend,PM,46,3
355057,Weekend,PM,47,5
355135,Week,AM,14,59
355135,Week,AM,16,8
355135,Week,AM,17,8
355135,Week,AM,19,16
355135,Week,AM,20,26
355135,Week,AM,21,545
355135,Week,AM,37,29
355135,Week,AM,38,80
355135,Week,AM,40,129
355135,Week,AM,46,22
355135,Week,AM,71,91
355135,Week,PM,14,86
355135,Week,PM,16,12
355135,Week,PM,17,7
355135,Week,PM,19,48
355135,Week,PM,20,54
355135,Week,PM,21,184
355135,Week,PM,37,28
355135,Week,PM,38,59
355135,Week,PM,40,187
355135,Week,PM,46,73
355135,Week,PM,71,94
355207,Week,AM,14,399
355207,Week,AM,16,2
355207,Week,AM,17,1
355207,Week,AM,19,16
355207,Week,AM,31,50
355207,Week,AM,40,11
355207,Week,AM,42,48
355207,Week,AM,46,10
355207,Week,AM,47,322
355207,Week,AM,69,133
355207,Week,AM,71,3
355207,Week,PM,14,58
355207,Week,PM,19,7
355207,Week,PM,31,6
355207,Week,PM,40,3
355207,Week,PM,42,16
355207,Week,PM,46,4
355207,Week,PM,47,48
355207,Week,PM,69,17
355208,Week,AM,14,2
355208,Week,AM,21,1
355208,Week,AM,31,2
355208,Week,AM,46,3
355208,Week,AM,47,1
355208,Week,AM,69,2
355208,Week,PM,14,399
355208,Week,PM,16,56
355208,Week,PM,17,15
355208,Week,PM,19,9
355208,Week,PM,31,746
355208,Week,PM,37,13
355208,Week,PM,38,12
355208,Week,PM,40,7
355208,Week,PM,42,181
355208,Week,PM,46,37
355208,Week,PM,47,62
355208,Week,PM,69,240
355208,Week,PM,71,10
355208,Weekend,AM,14,6
355208,Weekend,AM,17,1
355208,Weekend,PM,14,17
355208,Weekend,PM,17,6
355208,Weekend,PM,20,2
355208,Weekend,PM,40,2
355208,Weekend,PM,46,1
355208,Weekend,PM,71,2
355226,Week,AM,14,429
355226,Week,AM,16,1
355226,Week,AM,17,10
355226,Week,AM,19,8
355226,Week,AM,20,29
355226,Week,AM,21,27
355226,Week,AM,31,48
355226,Week,AM,37,8
355226,Week,AM,38,21
355226,Week,AM,40,1
355226,Week,AM,42,147
355226,Week,AM,46,73
355226,Week,AM,47,204
355226,Week,AM,69,756
355226,Week,AM,71,20
355226,Week,PM,14,18
355226,Week,PM,16,1
355226,Week,PM,19,2
355226,Week,PM,20,8
355226,Week,PM,31,20
355226,Week,PM,37,29
355226,Week,PM,38,25
355226,Week,PM,42,33
355226,Week,PM,46,19
355226,Week,PM,47,16
355226,Week,PM,69,47
355226,Week,PM,71,2
355226,Weekend,AM,17,3
355226,Weekend,AM,19,4
355226,Weekend,AM,46,2
355226,Weekend,AM,71,4
355226,Weekend,PM,14,1
355226,Weekend,PM,40,1
355226,Weekend,PM,71,4
355231,Week,AM,14,152
355231,Week,AM,16,3
355231,Week,AM,17,18
355231,Week,AM,19,11
355231,Week,AM,20,24
355231,Week,AM,21,27
355231,Week,AM,31,55
355231,Week,AM,37,106
355231,Week,AM,38,229
355231,Week,AM,40,22
355231,Week,AM,42,112
355231,Week,AM,47,86
355231,Week,AM,69,438
355231,Week,AM,71,50
355231,Week,PM,14,54
355231,Week,PM,16,2
355231,Week,PM,17,6
355231,Week,PM,19,13
355231,Week,PM,20,15
355231,Week,PM,31,33
355231,Week,PM,37,96
355231,Week,PM,38,87
355231,Week,PM,40,9
355231,Week,PM,42,82
355231,Week,PM,47,36
355231,Week,PM,69,143
355231,Week,PM,71,14
355231,Weekend,PM,14,2
355231,Weekend,PM,16,4
355231,Weekend,PM,17,4
355231,Weekend,PM,19,2
355231,Weekend,PM,40,10
355231,Weekend,PM,71,1
355290,Week,AM,14,324
355290,Week,AM,16,6
355290,Week,AM,17,27
355290,Week,AM,19,64
355290,Week,AM,20,18
355290,Week,AM,21,202
355290,Week,AM,31,5
355290,Week,AM,38,2
355290,Week,AM,40,11
355290,Week,AM,46,13
355290,Week,AM,71,22
355290,Week,PM,14,7
355290,Week,PM,19,3
355290,Weekend,AM,14,2
355290,Weekend,AM,21,2
355316,Week,AM,14,25
355316,Week,AM,16,8
355316,Week,AM,17,3
355316,Week,AM,19,3
355316,Week,AM,20,24
355316,Week,AM,21,171
355316,Week,AM,37,18
355316,Week,AM,38,30
355316,Week,AM,40,46
355316,Week,AM,46,2
355316,Week,AM,69,3
355316,Week,AM,71,24
355316,Week,PM,14,39
355316,Week,PM,16,3
355316,Week,PM,17,6
355316,Week,PM,19,2
355316,Week,PM,20,15
355316,Week,PM,21,14
355316,Week,PM,37,31
355316,Week,PM,38,46
355316,Week,PM,40,24
355316,Week,PM,46,1
355316,Week,PM,69,4
355316,Week,PM,71,23
355316,Weekend,AM,14,18
355316,Weekend,AM,16,10
355316,Weekend,AM,17,4
355316,Weekend,AM,19,3
355316,Weekend,AM,20,13
355316,Weekend,AM,21,3
355316,Weekend,AM,37,1
355316,Weekend,AM,38,22
355316,Weekend,AM,40,72
355316,Weekend,AM,46,2
355316,Weekend,AM,71,55
355316,Weekend,PM,14,4
355316,Weekend,PM,16,3
355316,Weekend,PM,20,1
355316,Weekend,PM,37,3
355316,Weekend,PM,38,9
355316,Weekend,PM,40,10
355316,Weekend,PM,71,10
355418,Week,AM,14,151
355418,Week,AM,17,20
355418,Week,AM,19,20
355418,Week,AM,20,4
355418,Week,AM,21,1
355418,Week,AM,31,167
355418,Week,AM,37,4
355418,Week,AM,38,24
355418,Week,AM,40,3
355418,Week,AM,42,65
355418,Week,AM,46,3
355418,Week,AM,47,151
355418,Week,AM,69,1137
355418,Week,AM,71,20
355418,Week,PM,14,26
355418,Week,PM,16,1
355418,Week,PM,17,3
355418,Week,PM,19,5
355418,Week,PM,20,2
355418,Week,PM,31,91
355418,Week,PM,37,2
355418,Week,PM,38,5
355418,Week,PM,42,40
355418,Week,PM,46,1
355418,Week,PM,47,18
355418,Week,PM,69,206
355418,Week,PM,71,6
355418,Weekend,AM,14,26
355418,Weekend,AM,17,4
355418,Weekend,AM,19,6
355418,Weekend,AM,20,1
355418,Weekend,AM,31,28
355418,Weekend,AM,37,5
355418,Weekend,AM,38,29
355418,Weekend,AM,40,1
355418,Weekend,AM,42,3
355418,Weekend,AM,46,7
355418,Weekend,AM,47,52
355418,Weekend,AM,69,60
355418,Weekend,AM,71,12
355418,Weekend,PM,14,8
355418,Weekend,PM,16,1
355418,Weekend,PM,19,4
355418,Weekend,PM,31,29
355418,Weekend,PM,37,2
355418,Weekend,PM,38,17
355418,Weekend,PM,40,2
355418,Weekend,PM,42,1
355418,Weekend,PM,46,3
355418,Weekend,PM,47,9
355418,Weekend,PM,69,15
355418,Weekend,PM,71,2
355443,Week,AM,14,53
355443,Week,AM,16,1
355443,Week,AM,17,6
355443,Week,AM,19,19
355443,Week,AM,20,13
355443,Week,AM,21,16
355443,Week,AM,31,93
355443,Week,AM,37,41
355443,Week,AM,38,112
355443,Week,AM,40,5
355443,Week,AM,42,23
355443,Week,AM,46,1
355443,Week,AM,47,90
355443,Week,AM,69,437
355443,Week,AM,71,18
355443,Week,PM,14,12
355443,Week,PM,16,2
355443,Week,PM,17,5
355443,Week,PM,19,4
355443,Week,PM,20,2
355443,Week,PM,31,50
355443,Week,PM,37,17
355443,Week,PM,38,18
355443,Week,PM,40,3
355443,Week,PM,42,20
355443,Week,PM,47,27
355443,Week,PM,69,131
355443,Week,PM,71,9
355443,Weekend,AM,14,6
355443,Weekend,AM,17,2
355443,Weekend,AM,19,3
355443,Weekend,AM,20,1
355443,Weekend,AM,21,2
355443,Weekend,AM,31,2
355443,Weekend,AM,37,4
355443,Weekend,AM,38,16
355443,Weekend,AM,46,1
355443,Weekend,AM,47,4
355443,Weekend,AM,71,11
355443,Weekend,PM,14,4
355443,Weekend,PM,17,2
355443,Weekend,PM,31,4
355443,Weekend,PM,38,5
355443,Weekend,PM,40,1
355443,Weekend,PM,47,7
355443,Weekend,PM,69,1
355443,Weekend,PM,71,2
355603,Week,AM,14,325
355603,Week,AM,16,149
355603,Week,AM,17,20
355603,Week,AM,19,28
355603,Week,AM,20,125
355603,Week,AM,21,103
355603,Week,AM,31,86
355603,Week,AM,37,141
355603,Week,AM,38,310
355603,Week,AM,40,75
355603,Week,AM,42,50
355603,Week,AM,46,16
355603,Week,AM,47,50
355603,Week,AM,69,274
355603,Week,AM,71,55
355603,Week,PM,14,30
355603,Week,PM,16,43
355603,Week,PM,17,1
355603,Week,PM,19,13
355603,Week,PM,20,36
355603,Week,PM,21,7
355603,Week,PM,31,7
355603,Week,PM,37,41
355603,Week,PM,38,68
355603,Week,PM,40,29
355603,Week,PM,42,1
355603,Week,PM,46,21
355603,Week,PM,47,2
355603,Week,PM,69,5
355603,Week,PM,71,12
355603,Weekend,AM,14,40
355603,Weekend,AM,16,37
355603,Weekend,AM,17,2
355603,Weekend,AM,19,1
355603,Weekend,AM,20,30
355603,Weekend,AM,21,5
355603,Weekend,AM,31,11
355603,Weekend,AM,37,12
355603,Weekend,AM,38,148
355603,Weekend,AM,40,21
355603,Weekend,AM,46,4
355603,Weekend,AM,47,1
355603,Weekend,AM,69,20
355603,Weekend,AM,71,25
355603,Weekend,PM,14,2
355603,Weekend,PM,38,4
355603,Weekend,PM,40,1
355604,Week,AM,14,259
355604,Week,AM,16,744
355604,Week,AM,17,2
355604,Week,AM,19,44
355604,Week,AM,20,51
355604,Week,AM,21,733
355604,Week,AM,31,1
355604,Week,AM,37,53
355604,Week,AM,38,134
355604,Week,AM,40,44
355604,Week,AM,46,13
355604,Week,AM,69,3
355604,Week,AM,71,42
355604,Week,PM,14,28
355604,Week,PM,16,29
355604,Week,PM,19,10
355604,Week,PM,20,10
355604,Week,PM,21,14
355604,Week,PM,31,1
355604,Week,PM,37,18
355604,Week,PM,38,24
355604,Week,PM,40,16
355604,Week,PM,46,25
355604,Week,PM,71,5
355607,Week,AM,14,35
355607,Week,AM,16,26
355607,Week,AM,17,6
355607,Week,AM,19,34
355607,Week,AM,20,28
355607,Week,AM,21,260
355607,Week,AM,31,1
355607,Week,AM,37,263
355607,Week,AM,38,314
355607,Week,AM,40,71
355607,Week,AM,46,27
355607,Week,AM,69,8
355607,Week,AM,71,52
355607,Week,PM,14,37
355607,Week,PM,16,31
355607,Week,PM,17,2
355607,Week,PM,19,53
355607,Week,PM,20,24
355607,Week,PM,21,39
355607,Week,PM,31,3
355607,Week,PM,37,370
355607,Week,PM,38,352
355607,Week,PM,40,107
355607,Week,PM,42,2
355607,Week,PM,46,43
355607,Week,PM,69,12
355607,Week,PM,71,55
355607,Weekend,AM,16,1
355607,Weekend,AM,37,2
355607,Weekend,AM,38,15
355607,Weekend,AM,40,2
355607,Weekend,AM,46,2
355607,Weekend,PM,38,3
355618,Week,PM,14,710
355618,Week,PM,16,64
355618,Week,PM,17,41
355618,Week,PM,19,55
355618,Week,PM,20,10
355618,Week,PM,31,293
355618,Week,PM,37,69
355618,Week,PM,38,78
355618,Week,PM,40,29
355618,Week,PM,42,233
355618,Week,PM,46,59
355618,Week,PM,47,102
355618,Week,PM,69,333
355618,Week,PM,71,39
355618,Weekend,AM,14,2
355618,Weekend,AM,40,2
355618,Weekend,AM,71,6
355618,Weekend,PM,14,43
355618,Weekend,PM,19,2
355618,Weekend,PM,20,3
355618,Weekend,PM,31,25
355618,Weekend,PM,37,49
355618,Weekend,PM,38,53
355618,Weekend,PM,40,5
355618,Weekend,PM,42,12
355618,Weekend,PM,46,2
355618,Weekend,PM,47,7
355618,Weekend,PM,69,12
355618,Weekend,PM,71,8
355635,Week,AM,14,232
355635,Week,AM,16,312
355635,Week,AM,17,16
355635,Week,AM,19,42
355635,Week,AM,20,115
355635,Week,AM,21,147
355635,Week,AM,31,4
355635,Week,AM,37,65
355635,Week,AM,38,166
355635,Week,AM,40,63
355635,Week,AM,42,3
355635,Week,AM,46,55
355635,Week,AM,47,5
355635,Week,AM,69,27
355635,Week,AM,71,56
355635,Week,PM,14,44
355635,Week,PM,16,27
355635,Week,PM,17,12
355635,Week,PM,19,20
355635,Week,PM,20,46
355635,Week,PM,21,7
355635,Week,PM,31,2
355635,Week,PM,37,36
355635,Week,PM,38,73
355635,Week,PM,40,31
355635,Week,PM,46,50
355635,Week,PM,69,1
355635,Week,PM,71,21
355671,Week,AM,14,155
355671,Week,AM,16,26
355671,Week,AM,17,51
355671,Week,AM,19,15
355671,Week,AM,20,142
355671,Week,AM,21,25
355671,Week,AM,31,199
355671,Week,AM,37,9
355671,Week,AM,38,31
355671,Week,AM,40,12
355671,Week,AM,42,62
355671,Week,AM,46,12
355671,Week,AM,47,167
355671,Week,AM,69,478
355671,Week,AM,71,104
355671,Week,PM,14,41
355671,Week,PM,16,11
355671,Week,PM,17,16
355671,Week,PM,19,6
355671,Week,PM,20,55
355671,Week,PM,31,53
355671,Week,PM,37,12
355671,Week,PM,38,13
355671,Week,PM,40,2
355671,Week,PM,42,43
355671,Week,PM,46,2
355671,Week,PM,47,65
355671,Week,PM,69,112
355671,Week,PM,71,6
355671,Weekend,AM,14,12
355671,Weekend,AM,17,3
355671,Weekend,AM,19,1
355671,Weekend,AM,20,12
355671,Weekend,AM,21,3
355671,Weekend,AM,38,9
355671,Weekend,AM,40,2
355671,Weekend,AM,47,6
355671,Weekend,AM,69,4
355671,Weekend,AM,71,3
355671,Weekend,PM,14,1
355671,Weekend,PM,20,1
355671,Weekend,PM,47,1
355678,Week,AM,14,73
355678,Week,AM,17,16
355678,Week,AM,19,14
355678,Week,AM,21,3
355678,Week,AM,31,10
355678,Week,AM,37,6
355678,Week,AM,38,42
355678,Week,AM,40,15
355678,Week,AM,42,19
355678,Week,AM,47,102
355678,Week,AM,69,291
355678,Week,PM,14,18
355678,Week,PM,17,1
355678,Week,PM,19,5
355678,Week,PM,31,6
355678,Week,PM,37,6
355678,Week,PM,38,10
355678,Week,PM,40,1
355678,Week,PM,42,11
355678,Week,PM,47,30
355678,Week,PM,69,57
355678,Weekend,AM,14,2
355678,Weekend,AM,21,1
355678,Weekend,AM,37,3
355678,Weekend,AM,38,16
355678,Weekend,AM,40,2
355678,Weekend,AM,47,15
355678,Weekend,AM,69,7
355678,Weekend,PM,14,5
355678,Weekend,PM,16,1
355678,Weekend,PM,17,2
355678,Weekend,PM,20,1
355678,Weekend,PM,37,6
355678,Weekend,PM,38,8
355678,Weekend,PM,40,1
355678,Weekend,PM,42,1
355678,Weekend,PM,47,1
355678,Weekend,PM,69,1
355682,Week,AM,14,51
355682,Week,AM,16,5
355682,Week,AM,17,11
355682,Week,AM,19,3
355682,Week,AM,20,33
355682,Week,AM,31,11
355682,Week,AM,38,1
355682,Week,AM,40,4
355682,Week,AM,42,1
355682,Week,AM,46,4
355682,Week,AM,47,4
355682,Week,AM,69,6
355682,Week,AM,71,2
355682,Week,PM,14,364
355682,Week,PM,16,40
355682,Week,PM,17,67
355682,Week,PM,19,17
355682,Week,PM,20,81
355682,Week,PM,31,32
355682,Week,PM,37,2
355682,Week,PM,38,8
355682,Week,PM,40,28
355682,Week,PM,42,8
355682,Week,PM,46,34
355682,Week,PM,47,27
355682,Week,PM,69,16
355682,Week,PM,71,14
355682,Weekend,AM,14,67
355682,Weekend,AM,16,15
355682,Weekend,AM,17,8
355682,Weekend,AM,19,5
355682,Weekend,AM,20,42
355682,Weekend,AM,21,16
355682,Weekend,AM,31,7
355682,Weekend,AM,38,15
355682,Weekend,AM,40,6
355682,Weekend,AM,42,1
355682,Weekend,AM,46,13
355682,Weekend,AM,47,16
355682,Weekend,AM,69,11
355682,Weekend,PM,14,21
355682,Weekend,PM,16,3
355682,Weekend,PM,17,5
355682,Weekend,PM,19,2
355682,Weekend,PM,20,5
355682,Weekend,PM,31,1
355682,Weekend,PM,40,2
355682,Weekend,PM,46,1
355682,Weekend,PM,47,1
355682,Weekend,PM,69,2
355685,Week,AM,14,77
355685,Week,AM,16,64
355685,Week,AM,17,13
355685,Week,AM,19,44
355685,Week,AM,20,59
355685,Week,AM,21,239
355685,Week,AM,31,9
355685,Week,AM,37,223
355685,Week,AM,38,306
355685,Week,AM,40,186
355685,Week,AM,42,2
355685,Week,AM,46,135
355685,Week,AM,69,17
355685,Week,AM,71,34
355685,Week,PM,14,43
355685,Week,PM,16,40
355685,Week,PM,17,11
355685,Week,PM,19,47
355685,Week,PM,20,57
355685,Week,PM,21,77
355685,Week,PM,31,8
355685,Week,PM,37,176
355685,Week,PM,38,235
355685,Week,PM,40,160
355685,Week,PM,42,3
355685,Week,PM,46,135
355685,Week,PM,69,9
355685,Week,PM,71,24
356219,Week,AM,14,327
356219,Week,AM,16,96
356219,Week,AM,17,36
356219,Week,AM,19,42
356219,Week,AM,20,58
356219,Week,AM,21,57
356219,Week,AM,31,6
356219,Week,AM,37,78
356219,Week,AM,38,165
356219,Week,AM,40,10
356219,Week,AM,42,3
356219,Week,AM,46,103
356219,Week,AM,69,17
356219,Week,AM,71,33
356219,Week,PM,14,147
356219,Week,PM,16,60
356219,Week,PM,17,17
356219,Week,PM,19,19
356219,Week,PM,20,39
356219,Week,PM,31,5
356219,Week,PM,37,89
356219,Week,PM,38,76
356219,Week,PM,40,10
356219,Week,PM,42,4
356219,Week,PM,46,87
356219,Week,PM,69,9
356219,Week,PM,71,22
356219,Weekend,AM,14,61
356219,Weekend,AM,16,2
356219,Weekend,AM,17,1
356219,Weekend,AM,20,9
356219,Weekend,AM,40,8
356219,Weekend,AM,46,4
356219,Weekend,AM,71,10
356219,Weekend,PM,14,213
356219,Weekend,PM,16,3
356219,Weekend,PM,17,3
356219,Weekend,PM,19,4
356219,Weekend,PM,20,37
356219,Weekend,PM,40,22
356219,Weekend,PM,46,5
356219,Weekend,PM,71,11
356276,Week,AM,14,48
356276,Week,AM,16,46
356276,Week,AM,17,2
356276,Week,AM,19,19
356276,Week,AM,20,46
356276,Week,AM,21,699
356276,Week,AM,31,7
356276,Week,AM,37,197
356276,Week,AM,38,281
356276,Week,AM,40,106
356276,Week,AM,46,38
356276,Week,AM,69,5
356276,Week,AM,71,27
356276,Week,PM,14,25
356276,Week,PM,16,54
356276,Week,PM,17,5
356276,Week,PM,19,18
356276,Week,PM,20,70
356276,Week,PM,21,105
356276,Week,PM,31,10
356276,Week,PM,37,100
356276,Week,PM,38,223
356276,Week,PM,40,79
356276,Week,PM,46,30
356276,Week,PM,69,12
356276,Week,PM,71,18
356276,Weekend,AM,16,1
356276,Weekend,AM,20,1
356276,Weekend,AM,21,6
356276,Weekend,AM,37,4
356276,Weekend,AM,38,4
356276,Weekend,AM,40,3
356276,Weekend,PM,37,1
356310,Week,AM,14,407
356310,Week,AM,16,8
356310,Week,AM,17,20
356310,Week,AM,19,30
356310,Week,AM,20,2
356310,Week,AM,21,6
356310,Week,AM,31,95
356310,Week,AM,37,2
356310,Week,AM,38,17
356310,Week,AM,40,15
356310,Week,AM,42,98
356310,Week,AM,46,24
356310,Week,AM,47,226
356310,Week,AM,69,493
356310,Week,AM,71,12
356310,Week,PM,14,40
356310,Week,PM,16,2
356310,Week,PM,17,3
356310,Week,PM,19,4
356310,Week,PM,20,1
356310,Week,PM,31,46
356310,Week,PM,37,11
356310,Week,PM,38,14
356310,Week,PM,40,5
356310,Week,PM,42,44
356310,Week,PM,46,1
356310,Week,PM,47,40
356310,Week,PM,69,102
356310,Week,PM,71,5
356310,Weekend,AM,14,2
356310,Weekend,AM,17,2
356310,Weekend,AM,20,1
356310,Weekend,AM,40,1
356310,Weekend,PM,31,3
356310,Weekend,PM,38,1
356310,Weekend,PM,42,2
356310,Weekend,PM,47,2
356498,Week,AM,14,127
356498,Week,AM,16,265
356498,Week,AM,17,9
356498,Week,AM,19,30
356498,Week,AM,20,100
356498,Week,AM,21,146
356498,Week,AM,31,8
356498,Week,AM,37,71
356498,Week,AM,38,245
356498,Week,AM,40,124
356498,Week,AM,42,12
356498,Week,AM,46,28
356498,Week,AM,47,18
356498,Week,AM,69,61
356498,Week,AM,71,34
356498,Week,PM,14,43
356498,Week,PM,16,36
356498,Week,PM,17,5
356498,Week,PM,19,15
356498,Week,PM,20,11
356498,Week,PM,21,8
356498,Week,PM,31,4
356498,Week,PM,37,21
356498,Week,PM,38,54
356498,Week,PM,40,60
356498,Week,PM,42,5
356498,Week,PM,46,53
356498,Week,PM,47,5
356498,Week,PM,69,8
356498,Week,PM,71,8
356498,Weekend,AM,14,8
356498,Weekend,AM,16,2
356498,Weekend,AM,19,2
356498,Weekend,AM,20,9
356498,Weekend,AM,21,5
356498,Weekend,AM,37,6
356498,Weekend,AM,38,32
356498,Weekend,AM,40,67
356498,Weekend,AM,46,10
356498,Weekend,AM,71,34
356498,Weekend,PM,14,6
356498,Weekend,PM,16,5
356498,Weekend,PM,17,1
356498,Weekend,PM,19,5
356498,Weekend,PM,20,2
356498,Weekend,PM,37,8
356498,Weekend,PM,38,11
356498,Weekend,PM,40,5
356498,Weekend,PM,42,2
356498,Weekend,PM,46,5
356498,Weekend,PM,71,2
356502,Week,AM,14,221
356502,Week,AM,16,18
356502,Week,AM,17,16
356502,Week,AM,19,36
356502,Week,AM,20,75
356502,Week,AM,21,5
356502,Week,AM,31,243
356502,Week,AM,37,33
356502,Week,AM,38,63
356502,Week,AM,40,19
356502,Week,AM,42,124
356502,Week,AM,46,37
356502,Week,AM,47,166
356502,Week,AM,69,750
356502,Week,AM,71,37
356502,Week,PM,14,15
356502,Week,PM,16,2
356502,Week,PM,17,2
356502,Week,PM,19,7
356502,Week,PM,20,13
356502,Week,PM,21,1
356502,Week,PM,31,78
356502,Week,PM,37,13
356502,Week,PM,38,17
356502,Week,PM,40,2
356502,Week,PM,42,28
356502,Week,PM,46,9
356502,Week,PM,47,38
356502,Week,PM,69,121
356502,Week,PM,71,9
356502,Weekend,AM,14,48
356502,Weekend,AM,16,2
356502,Weekend,AM,17,9
356502,Weekend,AM,19,7
356502,Weekend,AM,20,10
356502,Weekend,AM,21,1
356502,Weekend,AM,31,28
356502,Weekend,AM,37,5
356502,Weekend,AM,38,36
356502,Weekend,AM,40,16
356502,Weekend,AM,46,13
356502,Weekend,AM,47,36
356502,Weekend,AM,69,22
356502,Weekend,AM,71,23
356502,Weekend,PM,14,9
356502,Weekend,PM,16,3
356502,Weekend,PM,17,2
356502,Weekend,PM,19,12
356502,Weekend,PM,20,2
356502,Weekend,PM,31,13
356502,Weekend,PM,37,5
356502,Weekend,PM,38,9
356502,Weekend,PM,40,14
356502,Weekend,PM,42,1
356502,Weekend,PM,46,6
356502,Weekend,PM,47,7
356502,Weekend,PM,69,4
356502,Weekend,PM,71,24
356507,Week,AM,14,33
356507,Week,AM,16,36
356507,Week,AM,17,12
356507,Week,AM,19,32
356507,Week,AM,20,49
356507,Week,AM,21,251
356507,Week,AM,37,164
356507,Week,AM,38,290
356507,Week,AM,40,101
356507,Week,AM,46,45
356507,Week,AM,69,8
356507,Week,AM,71,38
356507,Week,PM,14,45
356507,Week,PM,16,38
356507,Week,PM,19,31
356507,Week,PM,20,45
356507,Week,PM,21,23
356507,Week,PM,31,2
356507,Week,PM,37,147
356507,Week,PM,38,196
356507,Week,PM,40,100
356507,Week,PM,46,44
356507,Week,PM,69,1
356507,Week,PM,71,38
356507,Weekend,AM,14,38
356507,Weekend,AM,16,19
356507,Weekend,AM,17,8
356507,Weekend,AM,19,21
356507,Weekend,AM,20,37
356507,Weekend,AM,37,5
356507,Weekend,AM,38,16
356507,Weekend,AM,40,62
356507,Weekend,AM,46,8
356507,Weekend,AM,71,22
356507,Weekend,PM,14,1
356507,Weekend,PM,19,3
356507,Weekend,PM,20,4
356507,Weekend,PM,37,1
356507,Weekend,PM,38,4
356507,Weekend,PM,40,7
356507,Weekend,PM,46,3
356510,Week,AM,14,154
356510,Week,AM,16,22
356510,Week,AM,17,24
356510,Week,AM,19,36
356510,Week,AM,20,66
356510,Week,AM,21,6
356510,Week,AM,31,244
356510,Week,AM,37,31
356510,Week,AM,38,99
356510,Week,AM,40,49
356510,Week,AM,42,88
356510,Week,AM,46,45
356510,Week,AM,47,163
356510,Week,AM,69,769
356510,Week,AM,71,26
356510,Week,PM,14,13
356510,Week,PM,16,5
356510,Week,PM,17,8
356510,Week,PM,19,12
356510,Week,PM,20,18
356510,Week,PM,31,60
356510,Week,PM,37,14
356510,Week,PM,38,12
356510,Week,PM,40,7
356510,Week,PM,42,28
356510,Week,PM,46,2
356510,Week,PM,47,37
356510,Week,PM,69,106
356510,Week,PM,71,6
356510,Weekend,AM,14,38
356510,Weekend,AM,16,1
356510,Weekend,AM,17,7
356510,Weekend,AM,19,9
356510,Weekend,AM,20,7
356510,Weekend,AM,21,4
356510,Weekend,AM,31,22
356510,Weekend,AM,37,7
356510,Weekend,AM,38,70
356510,Weekend,AM,40,6
356510,Weekend,AM,42,5
356510,Weekend,AM,46,7
356510,Weekend,AM,47,30
356510,Weekend,AM,69,31
356510,Weekend,AM,71,17
356510,Weekend,PM,14,14
356510,Weekend,PM,16,2
356510,Weekend,PM,17,8
356510,Weekend,PM,19,6
356510,Weekend,PM,20,1
356510,Weekend,PM,31,21
356510,Weekend,PM,37,3
356510,Weekend,PM,38,14
356510,Weekend,PM,40,7
356510,Weekend,PM,42,2
356510,Weekend,PM,46,6
356510,Weekend,PM,47,12
356510,Weekend,PM,69,9
356510,Weekend,PM,71,8
356549,Week,AM,14,31
356549,Week,AM,16,44
356549,Week,AM,17,3
356549,Week,AM,19,15
356549,Week,AM,20,27
356549,Week,AM,21,498
356549,Week,AM,31,1
356549,Week,AM,37,141
356549,Week,AM,38,256
356549,Week,AM,40,43
356549,Week,AM,46,23
356549,Week,AM,71,24
356549,Week,PM,14,60
356549,Week,PM,16,73
356549,Week,PM,17,4
356549,Week,PM,19,27
356549,Week,PM,20,63
356549,Week,PM,21,118
356549,Week,PM,31,1
356549,Week,PM,37,106
356549,Week,PM,38,312
356549,Week,PM,40,71
356549,Week,PM,46,52
356549,Week,PM,71,19
356549,Weekend,AM,14,3
356549,Weekend,AM,16,3
356549,Weekend,AM,19,2
356549,Weekend,AM,20,4
356549,Weekend,AM,21,4
356549,Weekend,AM,37,4
356549,Weekend,AM,38,36
356549,Weekend,AM,40,11
356549,Weekend,AM,71,7
356549,Weekend,PM,14,2
356549,Weekend,PM,38,8
357327,Week,AM,14,384
357327,Week,AM,16,1472
357327,Week,AM,17,4
357327,Week,AM,19,27
357327,Week,AM,20,108
357327,Week,AM,21,118
357327,Week,AM,31,3
357327,Week,AM,37,32
357327,Week,AM,38,79
357327,Week,AM,40,53
357327,Week,AM,42,2
357327,Week,AM,46,21
357327,Week,AM,47,1
357327,Week,AM,69,4
357327,Week,AM,71,12
357327,Week,PM,14,19
357327,Week,PM,16,21
357327,Week,PM,19,12
357327,Week,PM,21,10
357327,Week,PM,37,6
357327,Week,PM,38,10
357327,Week,PM,40,10
357327,Week,PM,42,1
357327,Week,PM,46,13
357327,Week,PM,71,6
357330,Week,PM,14,288
357330,Week,PM,16,44
357330,Week,PM,17,59
357330,Week,PM,19,89
357330,Week,PM,20,381
357330,Week,PM,21,1
357330,Week,PM,37,54
357330,Week,PM,38,134
357330,Week,PM,40,338
357330,Week,PM,46,163
357330,Week,PM,69,1
357330,Week,PM,71,72
357330,Weekend,AM,17,1
357330,Weekend,AM,37,2
357330,Weekend,AM,38,8
357330,Weekend,AM,40,1
357330,Weekend,PM,14,5
357330,Weekend,PM,16,1
357330,Weekend,PM,19,3
357330,Weekend,PM,20,4
357330,Weekend,PM,38,1
357330,Weekend,PM,40,8
357330,Weekend,PM,46,4
357330,Weekend,PM,71,2
357345,Week,AM,14,474
357345,Week,AM,16,1
357345,Week,AM,17,2
357345,Week,AM,19,66
357345,Week,AM,20,1
357345,Week,AM,31,45
357345,Week,AM,38,8
357345,Week,AM,40,7
357345,Week,AM,46,2
357345,Week,AM,47,130
357345,Week,AM,69,415
357345,Week,AM,71,31
357355,Week,AM,14,428
357355,Week,AM,17,1
357355,Week,AM,19,45
357355,Week,AM,31,38
357355,Week,AM,40,13
357355,Week,AM,42,87
357355,Week,AM,47,180
357355,Week,AM,69,439
357367,Week,AM,14,96
357367,Week,AM,16,2
357367,Week,AM,17,1
357367,Week,AM,19,6
357367,Week,AM,20,1
357367,Week,AM,21,14
357367,Week,AM,31,24
357367,Week,AM,37,12
357367,Week,AM,38,13
357367,Week,AM,40,1
357367,Week,AM,42,47
357367,Week,AM,46,2
357367,Week,AM,47,57
357367,Week,AM,69,178
357367,Week,AM,71,6
357367,Week,PM,14,315
357367,Week,PM,16,28
357367,Week,PM,17,16
357367,Week,PM,19,25
357367,Week,PM,20,8
357367,Week,PM,31,156
357367,Week,PM,37,73
357367,Week,PM,38,108
357367,Week,PM,40,12
357367,Week,PM,42,180
357367,Week,PM,46,7
357367,Week,PM,47,95
357367,Week,PM,69,356
357367,Week,PM,71,25
357367,Weekend,AM,14,17
357367,Weekend,AM,16,1
357367,Weekend,AM,19,3
357367,Weekend,AM,21,11
357367,Weekend,AM,31,10
357367,Weekend,AM,37,8
357367,Weekend,AM,38,36
357367,Weekend,AM,42,3
357367,Weekend,AM,47,10
357367,Weekend,AM,69,9
357367,Weekend,AM,71,2
357367,Weekend,PM,14,8
357367,Weekend,PM,19,3
357367,Weekend,PM,20,6
357367,Weekend,PM,31,3
357367,Weekend,PM,37,2
357367,Weekend,PM,38,5
357367,Weekend,PM,40,2
357367,Weekend,PM,69,2
357367,Weekend,PM,71,1
357377,Week,AM,14,275
357377,Week,AM,16,2
357377,Week,AM,17,29
357377,Week,AM,19,37
357377,Week,AM,20,4
357377,Week,AM,31,116
357377,Week,AM,37,9
357377,Week,AM,38,40
357377,Week,AM,40,26
357377,Week,AM,42,119
357377,Week,AM,46,47
357377,Week,AM,47,292
357377,Week,AM,69,669
357377,Week,AM,71,9
357377,Week,PM,14,44
357377,Week,PM,16,2
357377,Week,PM,17,9
357377,Week,PM,19,8
357377,Week,PM,31,22
357377,Week,PM,37,3
357377,Week,PM,38,1
357377,Week,PM,40,3
357377,Week,PM,42,30
357377,Week,PM,46,6
357377,Week,PM,47,44
357377,Week,PM,69,101
357377,Week,PM,71,2
357678,Week,AM,14,260
357678,Week,AM,16,3
357678,Week,AM,17,17
357678,Week,AM,19,31
357678,Week,AM,20,4
357678,Week,AM,21,38
357678,Week,AM,31,95
357678,Week,AM,37,48
357678,Week,AM,38,104
357678,Week,AM,40,3
357678,Week,AM,42,137
357678,Week,AM,46,1
357678,Week,AM,47,271
357678,Week,AM,69,806
357678,Week,AM,71,24
357678,Week,PM,14,30
357678,Week,PM,16,1
357678,Week,PM,17,4
357678,Week,PM,19,3
357678,Week,PM,20,7
357678,Week,PM,21,1
357678,Week,PM,31,15
357678,Week,PM,37,18
357678,Week,PM,38,19
357678,Week,PM,40,2
357678,Week,PM,42,50
357678,Week,PM,46,6
357678,Week,PM,47,63
357678,Week,PM,69,132
357678,Week,PM,71,3
357678,Weekend,AM,14,1
357678,Weekend,AM,20,2
357678,Weekend,AM,40,3
357678,Weekend,AM,46,1
357678,Weekend,AM,71,1
357678,Weekend,PM,14,4
357678,Weekend,PM,16,1
357678,Weekend,PM,17,5
357678,Weekend,PM,19,2
357678,Weekend,PM,20,1
357678,Weekend,PM,38,3
357678,Weekend,PM,40,2
357678,Weekend,PM,46,1
357678,Weekend,PM,71,2
357702,Week,AM,14,25
357702,Week,AM,16,15
357702,Week,AM,17,1
357702,Week,AM,19,27
357702,Week,AM,20,15
357702,Week,AM,21,504
357702,Week,AM,37,140
357702,Week,AM,38,285
357702,Week,AM,40,138
357702,Week,AM,46,36
357702,Week,AM,69,2
357702,Week,AM,71,72
357702,Week,PM,14,24
357702,Week,PM,16,2
357702,Week,PM,17,3
357702,Week,PM,19,22
357702,Week,PM,20,22
357702,Week,PM,21,104
357702,Week,PM,37,114
357702,Week,PM,38,150
357702,Week,PM,40,87
357702,Week,PM,42,1
357702,Week,PM,46,44
357702,Week,PM,69,1
357702,Week,PM,71,35
357711,Week,AM,14,6
357711,Week,AM,17,1
357711,Week,AM,19,3
357711,Week,AM,20,2
357711,Week,AM,31,4
357711,Week,AM,38,1
357711,Week,AM,42,5
357711,Week,AM,47,11
357711,Week,AM,69,7
357711,Week,AM,71,3
357711,Week,PM,14,483
357711,Week,PM,16,7
357711,Week,PM,17,34
357711,Week,PM,19,46
357711,Week,PM,20,11
357711,Week,PM,31,159
357711,Week,PM,37,7
357711,Week,PM,38,24
357711,Week,PM,40,13
357711,Week,PM,42,247
357711,Week,PM,46,32
357711,Week,PM,47,306
357711,Week,PM,69,490
357711,Week,PM,71,13
357711,Weekend,PM,14,44
357711,Weekend,PM,16,2
357711,Weekend,PM,19,6
357711,Weekend,PM,20,2
357711,Weekend,PM,31,64
357711,Weekend,PM,37,27
357711,Weekend,PM,38,41
357711,Weekend,PM,40,3
357711,Weekend,PM,42,10
357711,Weekend,PM,46,3
357711,Weekend,PM,47,10
357711,Weekend,PM,69,32
357711,Weekend,PM,71,7
357716,Week,PM,14,430
357716,Week,PM,16,131
357716,Week,PM,17,51
357716,Week,PM,19,47
357716,Week,PM,20,1224
357716,Week,PM,37,15
357716,Week,PM,38,33
357716,Week,PM,40,219
357716,Week,PM,42,1
357716,Week,PM,46,119
357716,Week,PM,69,3
357716,Week,PM,71,25
357752,Week,AM,16,1
357752,Week,AM,21,2
357752,Week,AM,37,6
357752,Week,AM,38,14
357752,Week,AM,42,1
357752,Week,AM,71,3
357752,Week,PM,14,215
357752,Week,PM,16,141
357752,Week,PM,17,9
357752,Week,PM,19,41
357752,Week,PM,20,464
357752,Week,PM,31,7
357752,Week,PM,37,614
357752,Week,PM,38,495
357752,Week,PM,40,147
357752,Week,PM,42,2
357752,Week,PM,46,68
357752,Week,PM,69,4
357752,Week,PM,71,122
357801,Week,AM,14,210
357801,Week,AM,16,2
357801,Week,AM,17,32
357801,Week,AM,19,16
357801,Week,AM,20,15
357801,Week,AM,21,6
357801,Week,AM,31,185
357801,Week,AM,37,56
357801,Week,AM,38,76
357801,Week,AM,40,16
357801,Week,AM,42,155
357801,Week,AM,46,4
357801,Week,AM,47,209
357801,Week,AM,69,783
357801,Week,AM,71,49
357801,Week,PM,14,53
357801,Week,PM,16,4
357801,Week,PM,17,6
357801,Week,PM,19,8
357801,Week,PM,20,6
357801,Week,PM,21,1
357801,Week,PM,31,46
357801,Week,PM,37,26
357801,Week,PM,38,15
357801,Week,PM,40,4
357801,Week,PM,42,103
357801,Week,PM,46,2
357801,Week,PM,47,38
357801,Week,PM,69,137
357801,Week,PM,71,14
357801,Weekend,AM,14,10
357801,Weekend,AM,17,3
357801,Weekend,AM,19,5
357801,Weekend,AM,20,7
357801,Weekend,AM,21,11
357801,Weekend,AM,31,6
357801,Weekend,AM,37,13
357801,Weekend,AM,38,42
357801,Weekend,AM,40,6
357801,Weekend,AM,42,1
357801,Weekend,AM,47,10
357801,Weekend,AM,69,17
357801,Weekend,AM,71,6
357801,Weekend,PM,14,3
357801,Weekend,PM,20,1
357801,Weekend,PM,31,1
357801,Weekend,PM,37,5
357801,Weekend,PM,38,8
357801,Weekend,PM,42,1
357801,Weekend,PM,47,2
357801,Weekend,PM,69,2
357801,Weekend,PM,71,1
357804,Week,AM,14,13
357804,Week,AM,19,1
357804,Week,AM,31,1
357804,Week,AM,38,1
357804,Week,AM,40,3
357804,Week,AM,42,5
357804,Week,AM,47,7
357804,Week,AM,69,20
357804,Week,AM,71,1
357804,Week,PM,14,384
357804,Week,PM,16,13
357804,Week,PM,17,17
357804,Week,PM,19,14
357804,Week,PM,20,19
357804,Week,PM,31,165
357804,Week,PM,37,53
357804,Week,PM,38,61
357804,Week,PM,40,25
357804,Week,PM,42,229
357804,Week,PM,46,10
357804,Week,PM,47,104
357804,Week,PM,69,301
357804,Week,PM,71,22
357804,Weekend,AM,14,25
357804,Weekend,AM,17,7
357804,Weekend,AM,19,4
357804,Weekend,AM,20,2
357804,Weekend,AM,31,13
357804,Weekend,AM,37,11
357804,Weekend,AM,38,45
357804,Weekend,AM,40,8
357804,Weekend,AM,42,5
357804,Weekend,AM,47,11
357804,Weekend,AM,69,36
357804,Weekend,AM,71,4
357804,Weekend,PM,14,7
357804,Weekend,PM,17,2
357804,Weekend,PM,19,1
357804,Weekend,PM,31,5
357804,Weekend,PM,37,1
357804,Weekend,PM,38,3
357804,Weekend,PM,40,3
357804,Weekend,PM,46,1
357804,Weekend,PM,69,3
357804,Weekend,PM,71,3
358233,Week,AM,14,2
358233,Week,AM,16,2
358233,Week,AM,19,6
358233,Week,AM,20,2
358233,Week,AM,21,25
358233,Week,AM,37,15
358233,Week,AM,38,18
358233,Week,AM,40,3
358233,Week,AM,71,2
358233,Week,PM,14,361
358233,Week,PM,16,107
358233,Week,PM,17,21
358233,Week,PM,19,90
358233,Week,PM,20,141
358233,Week,PM,21,9
358233,Week,PM,37,838
358233,Week,PM,38,667
358233,Week,PM,40,70
358233,Week,PM,46,77
358233,Week,PM,71,117
358233,Weekend,AM,19,1
358233,Weekend,AM,37,6
358233,Weekend,AM,38,11
358233,Weekend,PM,16,1
358233,Weekend,PM,37,2
358233,Weekend,PM,38,8
358525,Week,AM,14,47
358525,Week,AM,16,27
358525,Week,AM,17,13
358525,Week,AM,19,26
358525,Week,AM,20,26
358525,Week,AM,21,221
358525,Week,AM,31,1
358525,Week,AM,37,281
358525,Week,AM,38,337
358525,Week,AM,40,38
358525,Week,AM,42,3
358525,Week,AM,46,40
358525,Week,AM,69,6
358525,Week,AM,71,45
358525,Week,PM,14,67
358525,Week,PM,16,29
358525,Week,PM,17,10
358525,Week,PM,19,19
358525,Week,PM,20,16
358525,Week,PM,21,43
358525,Week,PM,31,1
358525,Week,PM,37,314
358525,Week,PM,38,265
358525,Week,PM,40,67
358525,Week,PM,42,3
358525,Week,PM,46,39
358525,Week,PM,69,6
358525,Week,PM,71,39
358525,Weekend,AM,19,1
358525,Weekend,AM,20,1
358525,Weekend,AM,21,1
358525,Weekend,AM,37,8
358525,Weekend,AM,38,51
358525,Weekend,AM,40,3
358525,Weekend,AM,69,1
358525,Weekend,AM,71,3
358525,Weekend,PM,16,1
358525,Weekend,PM,19,1
358525,Weekend,PM,37,8
358525,Weekend,PM,38,16
358525,Weekend,PM,40,3
358525,Weekend,PM,71,1
358647,Week,AM,14,4
358647,Week,AM,19,1
358647,Week,AM,21,9
358647,Week,AM,37,9
358647,Week,AM,38,5
358647,Week,AM,40,2
358647,Week,AM,46,2
358647,Week,PM,14,251
358647,Week,PM,16,52
358647,Week,PM,17,14
358647,Week,PM,19,62
358647,Week,PM,20,96
358647,Week,PM,31,2
358647,Week,PM,37,702
358647,Week,PM,38,613
358647,Week,PM,40,212
358647,Week,PM,42,7
358647,Week,PM,46,140
358647,Week,PM,69,2
358647,Week,PM,71,123
358647,Weekend,PM,14,1
358647,Weekend,PM,16,3
358647,Weekend,PM,19,5
358647,Weekend,PM,20,5
358647,Weekend,PM,37,14
358647,Weekend,PM,38,16
358647,Weekend,PM,40,7
358647,Weekend,PM,46,1
358647,Weekend,PM,71,3
358664,Week,PM,14,319
358664,Week,PM,16,66
358664,Week,PM,17,21
358664,Week,PM,19,12
358664,Week,PM,20,40
358664,Week,PM,31,17
358664,Week,PM,37,591
358664,Week,PM,38,516
358664,Week,PM,40,38
358664,Week,PM,42,22
358664,Week,PM,46,19
358664,Week,PM,47,4
358664,Week,PM,69,16
358664,Week,PM,71,121
358664,Weekend,PM,14,12
358664,Weekend,PM,16,18
358664,Weekend,PM,17,2
358664,Weekend,PM,19,9
358664,Weekend,PM,20,14
358664,Weekend,PM,31,5
358664,Weekend,PM,37,176
358664,Weekend,PM,38,236
358664,Weekend,PM,40,29
358664,Weekend,PM,42,2
358664,Weekend,PM,46,5
358664,Weekend,PM,69,3
358664,Weekend,PM,71,56
358840,Week,AM,14,1
358840,Week,AM,16,2
358840,Week,AM,19,1
358840,Week,AM,20,1
358840,Week,AM,21,1
358840,Week,AM,37,4
358840,Week,AM,38,8
358840,Week,AM,71,1
358840,Week,PM,14,79
358840,Week,PM,16,75
358840,Week,PM,17,12
358840,Week,PM,19,34
358840,Week,PM,20,54
358840,Week,PM,21,11
358840,Week,PM,31,2
358840,Week,PM,37,791
358840,Week,PM,38,688
358840,Week,PM,40,94
358840,Week,PM,42,3
358840,Week,PM,46,7
358840,Week,PM,69,2
358840,Week,PM,71,66
358840,Weekend,AM,14,1
358840,Weekend,AM,20,1
358840,Weekend,AM,37,13
358840,Weekend,AM,38,40
358840,Weekend,AM,40,1
358840,Weekend,PM,16,2
358840,Weekend,PM,20,1
358840,Weekend,PM,37,12
358840,Weekend,PM,38,12
358840,Weekend,PM,71,1
358856,Week,AM,14,134
358856,Week,AM,16,24
358856,Week,AM,17,9
358856,Week,AM,19,61
358856,Week,AM,20,21
358856,Week,AM,21,214
358856,Week,AM,31,1
358856,Week,AM,37,319
358856,Week,AM,38,571
358856,Week,AM,40,108
358856,Week,AM,46,27
358856,Week,AM,69,9
358856,Week,AM,71,22
358856,Week,PM,14,31
358856,Week,PM,16,5
358856,Week,PM,17,5
358856,Week,PM,19,27
358856,Week,PM,20,31
358856,Week,PM,21,30
358856,Week,PM,37,159
358856,Week,PM,38,163
358856,Week,PM,40,40
358856,Week,PM,46,18
358856,Week,PM,69,6
358856,Week,PM,71,11
358856,Weekend,AM,14,3
358856,Weekend,AM,16,3
358856,Weekend,AM,19,5
358856,Weekend,AM,20,4
358856,Weekend,AM,37,33
358856,Weekend,AM,38,118
358856,Weekend,AM,40,21
358856,Weekend,AM,46,1
358856,Weekend,AM,71,9
358856,Weekend,PM,14,2
358856,Weekend,PM,16,1
358856,Weekend,PM,17,3
358856,Weekend,PM,19,2
358856,Weekend,PM,20,2
358856,Weekend,PM,37,32
358856,Weekend,PM,38,49
358856,Weekend,PM,40,10
358856,Weekend,PM,46,1
358856,Weekend,PM,71,3
358868,Week,AM,14,21
358868,Week,AM,16,30
358868,Week,AM,17,9
358868,Week,AM,19,35
358868,Week,AM,20,13
358868,Week,AM,21,235
358868,Week,AM,37,213
358868,Week,AM,38,207
358868,Week,AM,40,62
358868,Week,AM,46,44
358868,Week,AM,69,4
358868,Week,AM,71,40
358868,Week,PM,14,29
358868,Week,PM,16,13
358868,Week,PM,17,8
358868,Week,PM,19,33
358868,Week,PM,20,29
358868,Week,PM,21,16
358868,Week,PM,31,2
358868,Week,PM,37,361
358868,Week,PM,38,214
358868,Week,PM,40,52
358868,Week,PM,46,52
358868,Week,PM,69,1
358868,Week,PM,71,36
358868,Weekend,AM,14,1
358868,Weekend,AM,21,1
358868,Weekend,AM,37,6
358868,Weekend,AM,38,19
358868,Weekend,PM,37,14
358868,Weekend,PM,38,7
358868,Weekend,PM,71,1
358878,Week,AM,16,1
358878,Week,AM,37,7
358878,Week,AM,38,7
358878,Week,AM,40,2
358878,Week,PM,14,215
358878,Week,PM,16,139
358878,Week,PM,17,34
358878,Week,PM,19,85
358878,Week,PM,20,47
358878,Week,PM,31,5
358878,Week,PM,37,433
358878,Week,PM,38,589
358878,Week,PM,40,241
358878,Week,PM,42,1
358878,Week,PM,46,93
358878,Week,PM,69,6
358878,Week,PM,71,76
358889,Week,AM,14,3
358889,Week,AM,17,1
358889,Week,AM,37,3
358889,Week,AM,38,8
358889,Week,AM,46,4
358889,Week,PM,14,187
358889,Week,PM,16,8
358889,Week,PM,17,26
358889,Week,PM,19,46
358889,Week,PM,20,24
358889,Week,PM,31,1
358889,Week,PM,37,628
358889,Week,PM,38,678
358889,Week,PM,40,149
358889,Week,PM,46,637
358889,Week,PM,69,1
358889,Week,PM,71,64
358889,Weekend,PM,17,2
358889,Weekend,PM,37,5
358889,Weekend,PM,38,8
358889,Weekend,PM,46,4
358896,Week,AM,14,1
358896,Week,AM,37,7
358896,Week,AM,38,3
358896,Week,AM,40,1
358896,Week,AM,71,1
358896,Week,PM,14,83
358896,Week,PM,16,106
358896,Week,PM,19,10
358896,Week,PM,20,13
358896,Week,PM,31,1
358896,Week,PM,37,593
358896,Week,PM,38,341
358896,Week,PM,40,45
358896,Week,PM,42,2
358896,Week,PM,46,7
358896,Week,PM,69,3
358896,Week,PM,71,51
358896,Weekend,PM,14,3
358896,Weekend,PM,16,14
358896,Weekend,PM,19,2
358896,Weekend,PM,20,3
358896,Weekend,PM,31,1
358896,Weekend,PM,37,161
358896,Weekend,PM,38,154
358896,Weekend,PM,40,7
358896,Weekend,PM,71,34
358914,Week,AM,14,131
358914,Week,AM,16,34
358914,Week,AM,17,22
358914,Week,AM,19,51
358914,Week,AM,20,153
358914,Week,AM,21,792
358914,Week,AM,37,129
358914,Week,AM,38,333
358914,Week,AM,40,117
358914,Week,AM,46,42
358914,Week,AM,71,64
358914,Week,PM,14,15
358914,Week,PM,16,3
358914,Week,PM,17,4
358914,Week,PM,19,22
358914,Week,PM,20,25
358914,Week,PM,21,8
358914,Week,PM,37,114
358914,Week,PM,38,157
358914,Week,PM,40,53
358914,Week,PM,46,45
358914,Week,PM,71,12
358928,Week,AM,14,27
358928,Week,AM,16,13
358928,Week,AM,17,2
358928,Week,AM,19,17
358928,Week,AM,20,39
358928,Week,AM,21,191
358928,Week,AM,37,216
358928,Week,AM,38,240
358928,Week,AM,40,79
358928,Week,AM,46,21
358928,Week,AM,71,17
358928,Week,PM,14,36
358928,Week,PM,16,16
358928,Week,PM,17,5
358928,Week,PM,19,23
358928,Week,PM,20,48
358928,Week,PM,21,60
358928,Week,PM,37,286
358928,Week,PM,38,261
358928,Week,PM,40,97
358928,Week,PM,46,25
358928,Week,PM,71,24
358929,Week,AM,14,1
358929,Week,AM,37,5
358929,Week,AM,38,11
358929,Week,AM,40,1
358929,Week,PM,14,158
358929,Week,PM,16,16
358929,Week,PM,17,1
358929,Week,PM,19,20
358929,Week,PM,20,24
358929,Week,PM,21,1
358929,Week,PM,37,791
358929,Week,PM,38,648
358929,Week,PM,40,67
358929,Week,PM,42,4
358929,Week,PM,46,3
358929,Week,PM,69,4
358929,Week,PM,71,43
358929,Weekend,PM,14,4
358929,Weekend,PM,16,2
358929,Weekend,PM,19,4
358929,Weekend,PM,20,5
358929,Weekend,PM,37,253
358929,Weekend,PM,38,263
358929,Weekend,PM,40,6
358929,Weekend,PM,46,1
358929,Weekend,PM,71,22
358939,Week,AM,37,1
358939,Week,AM,38,7
358939,Week,PM,14,79
358939,Week,PM,16,13
358939,Week,PM,19,23
358939,Week,PM,20,27
358939,Week,PM,37,934
358939,Week,PM,38,614
358939,Week,PM,40,39
358939,Week,PM,42,5
358939,Week,PM,46,7
358939,Week,PM,69,4
358939,Week,PM,71,9
358939,Weekend,PM,14,2
358939,Weekend,PM,16,4
358939,Weekend,PM,19,3
358939,Weekend,PM,20,7
358939,Weekend,PM,37,242
358939,Weekend,PM,38,222
358939,Weekend,PM,40,17
358939,Weekend,PM,46,6
358939,Weekend,PM,71,2
359294,Week,PM,14,68
359294,Week,PM,16,24
359294,Week,PM,17,3
359294,Week,PM,19,18
359294,Week,PM,20,14
359294,Week,PM,31,1
359294,Week,PM,37,315
359294,Week,PM,38,274
359294,Week,PM,40,24
359294,Week,PM,42,7
359294,Week,PM,46,12
359294,Week,PM,69,10
359294,Week,PM,71,27
359316,Week,AM,14,47
359316,Week,AM,16,1
359316,Week,AM,17,4
359316,Week,AM,19,10
359316,Week,AM,20,3
359316,Week,AM,21,16
359316,Week,AM,31,18
359316,Week,AM,37,28
359316,Week,AM,38,29
359316,Week,AM,40,4
359316,Week,AM,42,17
359316,Week,AM,46,2
359316,Week,AM,47,67
359316,Week,AM,69,99
359316,Week,AM,71,14
359316,Week,PM,14,53
359316,Week,PM,17,1
359316,Week,PM,19,10
359316,Week,PM,20,3
359316,Week,PM,21,2
359316,Week,PM,31,33
359316,Week,PM,37,78
359316,Week,PM,38,49
359316,Week,PM,40,3
359316,Week,PM,42,67
359316,Week,PM,46,2
359316,Week,PM,47,37
359316,Week,PM,69,95
359316,Week,PM,71,8
359316,Weekend,AM,37,2
359316,Weekend,AM,38,12
359316,Weekend,AM,46,1
359316,Weekend,AM,47,3
359316,Weekend,PM,14,1
359316,Weekend,PM,19,1
359316,Weekend,PM,31,3
359316,Weekend,PM,37,7
359316,Weekend,PM,38,5
359316,Weekend,PM,40,1
359316,Weekend,PM,47,1
359316,Weekend,PM,69,6
359316,Weekend,PM,71,2
359324,Week,AM,14,7
359324,Week,AM,17,1
359324,Week,AM,19,2
359324,Week,AM,20,1
359324,Week,AM,31,5
359324,Week,AM,37,1
359324,Week,AM,38,7
359324,Week,AM,42,2
359324,Week,AM,47,3
359324,Week,AM,69,2
359324,Week,PM,14,92
359324,Week,PM,17,17
359324,Week,PM,19,18
359324,Week,PM,20,8
359324,Week,PM,31,54
359324,Week,PM,37,110
359324,Week,PM,38,73
359324,Week,PM,40,11
359324,Week,PM,42,131
359324,Week,PM,46,5
359324,Week,PM,47,129
359324,Week,PM,69,158
359324,Week,PM,71,12
359324,Weekend,AM,14,8
359324,Weekend,AM,19,2
359324,Weekend,AM,31,3
359324,Weekend,AM,37,3
359324,Weekend,AM,38,5
359324,Weekend,AM,40,1
359324,Weekend,AM,42,1
359324,Weekend,AM,46,1
359324,Weekend,AM,47,4
359324,Weekend,AM,69,4
359324,Weekend,AM,71,1
359324,Weekend,PM,14,2
359324,Weekend,PM,17,1
359324,Weekend,PM,37,2
359324,Weekend,PM,38,7
359324,Weekend,PM,42,1
359324,Weekend,PM,69,1
359324,Weekend,PM,71,2
359325,Week,AM,37,1
359325,Week,AM,38,2
359325,Week,PM,14,52
359325,Week,PM,16,17
359325,Week,PM,17,1
359325,Week,PM,19,3
359325,Week,PM,20,7
359325,Week,PM,37,294
359325,Week,PM,38,213
359325,Week,PM,40,17
359325,Week,PM,46,1
359325,Week,PM,71,15
359325,Weekend,PM,14,2
359325,Weekend,PM,19,3
359325,Weekend,PM,20,3
359325,Weekend,PM,37,71
359325,Weekend,PM,38,84
359325,Weekend,PM,40,2
359325,Weekend,PM,46,1
359325,Weekend,PM,71,8
359326,Week,AM,20,1
359326,Week,AM,37,4
359326,Week,AM,38,13
359326,Week,AM,40,1
359326,Week,AM,71,3
359326,Week,PM,14,54
359326,Week,PM,16,18
359326,Week,PM,17,8
359326,Week,PM,19,7
359326,Week,PM,20,14
359326,Week,PM,31,1
359326,Week,PM,37,303
359326,Week,PM,38,260
359326,Week,PM,40,26
359326,Week,PM,42,7
359326,Week,PM,46,3
359326,Week,PM,69,11
359326,Week,PM,71,27
359326,Weekend,PM,14,1
359326,Weekend,PM,20,2
359326,Weekend,PM,37,77
359326,Weekend,PM,38,80
359326,Weekend,PM,40,2
359326,Weekend,PM,71,13
359330,Week,PM,14,33
359330,Week,PM,16,1
359330,Week,PM,17,7
359330,Week,PM,19,9
359330,Week,PM,31,79
359330,Week,PM,37,117
359330,Week,PM,38,114
359330,Week,PM,40,15
359330,Week,PM,42,160
359330,Week,PM,46,2
359330,Week,PM,47,47
359330,Week,PM,69,218
359330,Week,PM,71,19
359330,Weekend,AM,14,1
359330,Weekend,PM,31,3
359330,Weekend,PM,38,5
359330,Weekend,PM,40,2
359330,Weekend,PM,47,5
359330,Weekend,PM,69,1
359330,Weekend,PM,71,3
894955,Week,AM,14,4
894955,Week,AM,17,4
894955,Week,AM,19,158
894955,Week,AM,46,148
894955,Week,AM,47,46
894955,Week,PM,14,3
894955,Week,PM,17,1
894955,Week,PM,19,146
894955,Week,PM,40,2
894955,Week,PM,46,178
894955,Week,PM,47,31
894955,Weekend,AM,14,3
894955,Weekend,AM,19,4
894955,Weekend,AM,46,11
894955,Weekend,PM,14,5
894955,Weekend,PM,16,1
894955,Weekend,PM,17,3
894955,Weekend,PM,19,1
895496,Week,AM,14,2
895496,Week,AM,19,181
895496,Week,AM,37,3
895496,Week,AM,38,1
895496,Week,AM,40,1
895496,Week,AM,46,86
895496,Week,AM,47,485
895496,Week,PM,14,1
895496,Week,PM,17,1
895496,Week,PM,19,96
895496,Week,PM,31,1
895496,Week,PM,37,1
895496,Week,PM,38,2
895496,Week,PM,46,30
895496,Week,PM,47,326
895496,Week,PM,71,1
895496,Weekend,AM,47,1
895496,Weekend,PM,47,1
897937,Week,AM,14,91
897937,Week,AM,16,36
897937,Week,AM,17,10
897937,Week,AM,19,12
897937,Week,AM,20,127
897937,Week,AM,21,210
897937,Week,AM,37,6
897937,Week,AM,38,6
897937,Week,AM,40,15
897937,Week,AM,46,213
897937,Week,AM,71,24
897937,Week,PM,14,7
897937,Week,PM,17,3
897937,Week,PM,19,4
897937,Week,PM,20,14
897937,Week,PM,21,2
897937,Week,PM,40,1
897937,Week,PM,46,48
897937,Week,PM,71,1
897937,Weekend,AM,14,4
897937,Weekend,AM,16,1
897937,Weekend,AM,19,5
897937,Weekend,AM,20,8
897937,Weekend,AM,21,1
897937,Weekend,AM,40,8
897937,Weekend,AM,42,1
897937,Weekend,AM,46,21
897937,Weekend,AM,71,28
897937,Weekend,PM,14,1
897937,Weekend,PM,19,4
897937,Weekend,PM,20,1
897937,Weekend,PM,37,1
897937,Weekend,PM,46,9
901890,Week,AM,14,67
901890,Week,AM,16,112
901890,Week,AM,17,49
901890,Week,AM,19,392
901890,Week,AM,20,83
901890,Week,AM,21,2
901890,Week,AM,31,4
901890,Week,AM,37,1
901890,Week,AM,38,33
901890,Week,AM,40,15
901890,Week,AM,46,65
901890,Week,AM,71,13
901890,Week,PM,14,11
901890,Week,PM,16,14
901890,Week,PM,17,5
901890,Week,PM,19,55
901890,Week,PM,20,13
901890,Week,PM,38,8
901890,Week,PM,40,11
901890,Week,PM,46,6
901890,Weekend,AM,14,1
901890,Weekend,AM,19,2
901890,Weekend,AM,20,1
901890,Weekend,AM,71,1
903106,Week,AM,16,2
903106,Week,AM,17,3
903106,Week,AM,19,45
903106,Week,AM,20,19
903106,Week,AM,21,5
903106,Week,AM,31,1
903106,Week,AM,37,2
903106,Week,AM,38,2
903106,Week,AM,40,5
903106,Week,AM,46,1076
903106,Week,AM,71,223
903106,Week,PM,19,4
903106,Week,PM,20,1
903106,Week,PM,31,1
903106,Week,PM,46,161
903106,Week,PM,71,7
904597,Week,AM,14,650
904597,Week,AM,17,49
904597,Week,AM,19,49
904597,Week,AM,20,158
904597,Week,AM,31,1
904597,Week,AM,37,3
904597,Week,AM,38,7
904597,Week,AM,40,53
904597,Week,AM,46,271
904597,Week,AM,47,290
904597,Week,AM,71,1
904597,Week,PM,14,26
904597,Week,PM,17,1
904597,Week,PM,19,1
904597,Week,PM,20,14
904597,Week,PM,38,5
904597,Week,PM,46,53
904597,Week,PM,47,18
904597,Weekend,AM,14,1
904597,Weekend,AM,20,1
904597,Weekend,AM,46,1
904597,Weekend,AM,47,1
906258,Week,AM,14,94
906258,Week,AM,16,38
906258,Week,AM,17,1
906258,Week,AM,19,170
906258,Week,AM,20,266
906258,Week,AM,21,281
906258,Week,AM,37,2
906258,Week,AM,40,57
906258,Week,AM,46,211
906258,Week,AM,71,44
906258,Week,PM,14,56
906258,Week,PM,16,19
906258,Week,PM,19,101
906258,Week,PM,20,119
906258,Week,PM,21,4
906258,Week,PM,40,32
906258,Week,PM,46,188
906258,Week,PM,71,19
906258,Weekend,AM,21,1
906258,Weekend,AM,71,1
906659,Week,AM,14,21
906659,Week,AM,16,4
906659,Week,AM,17,1
906659,Week,AM,19,143
906659,Week,AM,20,23
906659,Week,AM,21,6
906659,Week,AM,31,3
906659,Week,AM,37,5
906659,Week,AM,38,3
906659,Week,AM,40,9
906659,Week,AM,46,208
906659,Week,AM,71,1
906659,Week,PM,14,3
906659,Week,PM,17,1
906659,Week,PM,19,21
906659,Week,PM,20,2
906659,Week,PM,21,2
906659,Week,PM,40,1
906659,Week,PM,46,13
907041,Week,AM,14,29
907041,Week,AM,17,1
907041,Week,AM,19,144
907041,Week,AM,20,12
907041,Week,AM,21,22
907041,Week,AM,40,2
907041,Week,AM,46,1347
907041,Week,PM,14,2
907041,Week,PM,19,9
907041,Week,PM,46,115
907041,Weekend,AM,46,5
907041,Weekend,PM,14,1
907041,Weekend,PM,19,2
907041,Weekend,PM,46,3
911170,Week,AM,19,143
911170,Week,AM,46,389
911170,Week,PM,19,4
911170,Week,PM,37,1
911170,Week,PM,46,12
911170,Weekend,AM,46,1
915560,Week,AM,14,22
915560,Week,AM,16,3
915560,Week,AM,17,1
915560,Week,AM,19,14
915560,Week,AM,20,2
915560,Week,AM,31,1
915560,Week,AM,37,2
915560,Week,AM,38,1
915560,Week,AM,40,4
915560,Week,AM,46,633
915560,Week,AM,47,388
915560,Week,PM,14,6
915560,Week,PM,19,7
915560,Week,PM,40,1
915560,Week,PM,46,57
915560,Week,PM,47,31
915560,Weekend,AM,19,3
915560,Weekend,AM,46,7
915560,Weekend,AM,47,9
915560,Weekend,PM,14,4
915560,Weekend,PM,19,1
915560,Weekend,PM,46,1
915560,Weekend,PM,47,1
916949,Week,AM,21,2
916949,Week,AM,37,2
916949,Week,AM,38,1
916949,Week,AM,40,1
916949,Week,AM,69,5
916949,Week,PM,14,5
916949,Week,PM,46,12
920567,Week,AM,14,1
920567,Week,AM,16,5
920567,Week,AM,17,13
920567,Week,AM,19,62
920567,Week,AM,20,10
920567,Week,AM,21,140
920567,Week,AM,31,1
920567,Week,AM,37,1
920567,Week,AM,38,18
920567,Week,AM,40,16
920567,Week,AM,46,67
920567,Week,AM,71,6
920567,Week,PM,14,9
920567,Week,PM,16,11
920567,Week,PM,17,47
920567,Week,PM,19,135
920567,Week,PM,20,10
920567,Week,PM,21,3
920567,Week,PM,31,3
920567,Week,PM,37,1
920567,Week,PM,40,23
920567,Week,PM,42,1
920567,Week,PM,46,314
920567,Week,PM,71,6
920567,Weekend,AM,21,1
920567,Weekend,PM,17,2
920567,Weekend,PM,19,2
920567,Weekend,PM,20,1
921002,Week,AM,14,33
921002,Week,AM,17,1
921002,Week,AM,19,17
921002,Week,AM,46,1010
921002,Week,PM,14,5
921002,Week,PM,17,1
921002,Week,PM,19,2
921002,Week,PM,46,14
921002,Weekend,AM,14,3
921002,Weekend,PM,14,5
921002,Weekend,PM,31,2
921002,Weekend,PM,46,2
922379,Week,AM,14,24
922379,Week,AM,46,607
922379,Week,PM,14,11
922379,Week,PM,46,31
922379,Weekend,AM,14,1
922379,Weekend,AM,46,1
925657,Week,AM,14,848
925657,Week,AM,16,5
925657,Week,AM,17,49
925657,Week,AM,19,79
925657,Week,AM,20,190
925657,Week,AM,21,12
925657,Week,AM,31,6
925657,Week,AM,37,21
925657,Week,AM,38,3
925657,Week,AM,40,107
925657,Week,AM,46,185
925657,Week,AM,47,276
925657,Week,AM,69,1
925657,Week,AM,71,4
925657,Week,PM,14,22
925657,Week,PM,17,8
925657,Week,PM,19,3
925657,Week,PM,20,8
925657,Week,PM,31,1
925657,Week,PM,38,1
925657,Week,PM,40,2
925657,Week,PM,46,14
925657,Week,PM,47,3
925657,Weekend,AM,14,313
925657,Weekend,AM,16,13
925657,Weekend,AM,17,30
925657,Weekend,AM,19,61
925657,Weekend,AM,20,43
925657,Weekend,AM,21,5
925657,Weekend,AM,31,3
925657,Weekend,AM,37,4
925657,Weekend,AM,38,3
925657,Weekend,AM,40,18
925657,Weekend,AM,46,40
925657,Weekend,AM,71,6
925657,Weekend,PM,14,5
925657,Weekend,PM,40,1
926024,Week,AM,14,75
926024,Week,AM,17,2
926024,Week,AM,19,78
926024,Week,AM,20,34
926024,Week,AM,21,96
926024,Week,AM,37,1
926024,Week,AM,38,1
926024,Week,AM,40,33
926024,Week,AM,46,866
926024,Week,AM,71,2
926024,Week,PM,14,20
926024,Week,PM,19,9
926024,Week,PM,20,3
926024,Week,PM,21,2
926024,Week,PM,40,4
926024,Week,PM,46,122
926024,Weekend,AM,14,4
926024,Weekend,AM,19,2
926024,Weekend,AM,21,2
926024,Weekend,AM,40,2
926024,Weekend,AM,46,23
926024,Weekend,PM,19,3
926024,Weekend,PM,46,1
926112,Week,AM,14,91
926112,Week,AM,16,6
926112,Week,AM,17,2
926112,Week,AM,19,132
926112,Week,AM,20,18
926112,Week,AM,31,3
926112,Week,AM,40,86
926112,Week,AM,46,40
926112,Week,AM,47,432
926112,Week,AM,71,5
926112,Week,PM,14,6
926112,Week,PM,19,13
926112,Week,PM,38,1
926112,Week,PM,40,4
926112,Week,PM,46,3
926112,Week,PM,47,14
926112,Weekend,AM,46,1
926112,Weekend,AM,47,1
926112,Weekend,PM,19,1
926112,Weekend,PM,47,1
926560,Week,AM,14,1
926560,Week,AM,19,1
926560,Week,AM,46,6
926560,Week,PM,14,185
926560,Week,PM,16,10
926560,Week,PM,17,28
926560,Week,PM,19,27
926560,Week,PM,20,42
926560,Week,PM,21,4
926560,Week,PM,31,2
926560,Week,PM,40,5
926560,Week,PM,42,2
926560,Week,PM,46,110
926560,Week,PM,47,5
926560,Weekend,PM,14,7
926560,Weekend,PM,20,1
926560,Weekend,PM,31,1
926560,Weekend,PM,42,1
926560,Weekend,PM,46,1
927355,Week,AM,14,48
927355,Week,AM,16,1
927355,Week,AM,17,1
927355,Week,AM,19,79
927355,Week,AM,20,1
927355,Week,AM,31,11
927355,Week,AM,37,4
927355,Week,AM,38,3
927355,Week,AM,46,377
927355,Week,AM,47,744
927355,Week,PM,14,7
927355,Week,PM,17,1
927355,Week,PM,19,8
927355,Week,PM,20,1
927355,Week,PM,37,1
927355,Week,PM,46,9
927355,Week,PM,47,17
927355,Weekend,AM,16,1
927355,Weekend,AM,19,2
927355,Weekend,AM,20,2
927355,Weekend,AM,46,10
927355,Weekend,AM,47,3
927355,Weekend,PM,19,4
927355,Weekend,PM,46,4
927373,Week,AM,14,70
927373,Week,AM,17,6
927373,Week,AM,19,40
927373,Week,AM,20,2
927373,Week,AM,21,2
927373,Week,AM,31,9
927373,Week,AM,37,1
927373,Week,AM,38,5
927373,Week,AM,46,526
927373,Week,AM,47,306
927373,Week,AM,71,1
927373,Week,PM,14,12
927373,Week,PM,19,8
927373,Week,PM,20,2
927373,Week,PM,46,11
927373,Week,PM,47,18
927373,Weekend,AM,14,2
927373,Weekend,AM,19,6
927373,Weekend,AM,31,1
927373,Weekend,AM,46,2
927373,Weekend,AM,71,3
927373,Weekend,PM,14,5
927373,Weekend,PM,19,2
927373,Weekend,PM,47,2
927373,Weekend,PM,71,1
927487,Week,AM,14,1
927487,Week,AM,19,43
927487,Week,AM,37,1
927487,Week,AM,46,4
927487,Week,AM,47,43
927487,Week,AM,69,1
927487,Week,PM,14,1
927487,Week,PM,17,1
927487,Week,PM,19,64
927487,Week,PM,21,2
927487,Week,PM,46,43
927487,Week,PM,47,21
927487,Weekend,AM,19,1
927487,Weekend,AM,47,2
927487,Weekend,PM,19,4
927487,Weekend,PM,37,1
927487,Weekend,PM,40,1
927487,Weekend,PM,47,2
927636,Week,AM,14,101
927636,Week,AM,19,159
927636,Week,AM,20,182
927636,Week,AM,21,1
927636,Week,AM,31,1
927636,Week,AM,37,4
927636,Week,AM,40,2
927636,Week,AM,46,753
927636,Week,PM,14,27
927636,Week,PM,17,1
927636,Week,PM,19,23
927636,Week,PM,20,43
927636,Week,PM,21,1
927636,Week,PM,37,1
927636,Week,PM,40,1
927636,Week,PM,46,129
927636,Weekend,AM,19,1
927636,Weekend,AM,46,3
927706,Week,AM,14,23
927706,Week,AM,17,4
927706,Week,AM,19,13
927706,Week,AM,20,2
927706,Week,AM,31,4
927706,Week,AM,37,4
927706,Week,AM,38,2
927706,Week,AM,40,1
927706,Week,AM,42,1
927706,Week,AM,46,3
927706,Week,AM,47,515
927706,Week,PM,14,6
927706,Week,PM,19,2
927706,Week,PM,31,1
927706,Week,PM,46,1
927706,Week,PM,47,25
927706,Weekend,AM,14,3
927706,Weekend,AM,16,1
927706,Weekend,AM,19,3
927706,Weekend,AM,31,1
927706,Weekend,AM,47,3
927706,Weekend,PM,14,1
927706,Weekend,PM,16,2
927706,Weekend,PM,40,1
927706,Weekend,PM,47,1
929025,Week,AM,19,1
929025,Week,AM,46,2
929025,Week,AM,71,1
929025,Week,PM,14,76
929025,Week,PM,17,1
929025,Week,PM,19,25
929025,Week,PM,20,315
929025,Week,PM,21,1
929025,Week,PM,31,1
929025,Week,PM,37,5
929025,Week,PM,40,3
929025,Week,PM,46,231
929025,Week,PM,71,1
929025,Weekend,PM,14,1
929025,Weekend,PM,19,1
929025,Weekend,PM,46,5
929923,Week,AM,14,457
929923,Week,AM,16,4
929923,Week,AM,17,51
929923,Week,AM,19,47
929923,Week,AM,20,196
929923,Week,AM,21,24
929923,Week,AM,31,9
929923,Week,AM,37,31
929923,Week,AM,38,7
929923,Week,AM,40,73
929923,Week,AM,46,164
929923,Week,AM,47,206
929923,Week,AM,71,4
929923,Week,PM,14,14
929923,Week,PM,17,1
929923,Week,PM,20,22
929923,Week,PM,40,3
929923,Week,PM,46,7
929923,Week,PM,47,5
929923,Weekend,AM,14,2
929923,Weekend,AM,19,1
929923,Weekend,AM,46,2
929923,Weekend,PM,14,1
932402,Week,AM,14,11
932402,Week,AM,19,89
932402,Week,AM,20,697
932402,Week,AM,21,6
932402,Week,AM,31,1
932402,Week,AM,37,35
932402,Week,AM,38,1
932402,Week,AM,46,1223
932402,Week,AM,71,2
932402,Week,PM,14,1
932402,Week,PM,19,22
932402,Week,PM,20,100
932402,Week,PM,21,1
932402,Week,PM,31,2
932402,Week,PM,37,3
932402,Week,PM,46,198
932402,Weekend,AM,19,1
932402,Weekend,AM,20,2
932402,Weekend,AM,46,24
932402,Weekend,PM,46,1
932845,Week,AM,14,8
932845,Week,AM,16,3
932845,Week,AM,19,80
932845,Week,AM,20,780
932845,Week,AM,21,4
932845,Week,AM,37,38
932845,Week,AM,40,2
932845,Week,AM,46,970
932845,Week,PM,14,3
932845,Week,PM,16,1
932845,Week,PM,19,9
932845,Week,PM,20,39
932845,Week,PM,37,2
932845,Week,PM,46,168
932845,Weekend,AM,19,1
932845,Weekend,AM,20,2
934615,Week,AM,14,24
934615,Week,AM,17,6
934615,Week,AM,19,69
934615,Week,AM,20,15
934615,Week,AM,21,1
934615,Week,AM,38,2
934615,Week,AM,40,2
934615,Week,AM,42,3
934615,Week,AM,46,13
934615,Week,AM,47,449
934615,Week,PM,19,1
934615,Week,PM,47,7
934615,Weekend,AM,14,1
934615,Weekend,AM,17,1
934615,Weekend,AM,19,53
934615,Weekend,AM,20,7
934615,Weekend,AM,40,3
934615,Weekend,AM,46,5
934615,Weekend,AM,47,109
936299,Week,AM,14,23
936299,Week,AM,16,6
936299,Week,AM,17,4
936299,Week,AM,19,114
936299,Week,AM,20,33
936299,Week,AM,21,36
936299,Week,AM,31,7
936299,Week,AM,37,5
936299,Week,AM,38,8
936299,Week,AM,40,70
936299,Week,AM,46,625
936299,Week,AM,71,53
936299,Week,PM,14,6
936299,Week,PM,19,9
936299,Week,PM,20,1
936299,Week,PM,40,3
936299,Week,PM,46,59
936299,Weekend,AM,14,4
936299,Weekend,AM,17,2
936299,Weekend,AM,19,25
936299,Weekend,AM,20,6
936299,Weekend,AM,21,23
936299,Weekend,AM,31,3
936299,Weekend,AM,37,3
936299,Weekend,AM,38,4
936299,Weekend,AM,40,30
936299,Weekend,AM,46,72
936299,Weekend,AM,71,31
936299,Weekend,PM,46,5
938339,Week,AM,14,43
938339,Week,AM,19,3
938339,Week,AM,20,11
938339,Week,AM,21,48
938339,Week,AM,40,11
938339,Week,AM,46,7
938339,Week,AM,71,12
938339,Week,PM,14,37
938339,Week,PM,17,2
938339,Week,PM,19,14
938339,Week,PM,20,34
938339,Week,PM,21,62
938339,Week,PM,40,24
938339,Week,PM,46,37
938339,Week,PM,71,17
938339,Weekend,AM,14,13
938339,Weekend,AM,17,3
938339,Weekend,AM,19,16
938339,Weekend,AM,20,16
938339,Weekend,AM,21,1
938339,Weekend,AM,40,22
938339,Weekend,AM,46,7
938339,Weekend,AM,71,1
938339,Weekend,PM,14,48
938339,Weekend,PM,17,2
938339,Weekend,PM,19,39
938339,Weekend,PM,20,20
938339,Weekend,PM,40,36
938339,Weekend,PM,46,25
938339,Weekend,PM,71,3
939874,Week,AM,14,22
939874,Week,AM,17,5
939874,Week,AM,19,58
939874,Week,AM,20,18
939874,Week,AM,21,90
939874,Week,AM,31,14
939874,Week,AM,37,6
939874,Week,AM,38,26
939874,Week,AM,40,59
939874,Week,AM,46,46
939874,Week,PM,14,18
939874,Week,PM,19,32
939874,Week,PM,20,1
939874,Week,PM,21,2
939874,Week,PM,31,1
939874,Week,PM,38,2
939874,Week,PM,40,22
939874,Week,PM,46,40
939874,Week,PM,71,1
939874,Weekend,AM,14,1
939874,Weekend,AM,19,3
939874,Weekend,AM,20,1
939874,Weekend,AM,46,1
939874,Weekend,AM,71,2
939874,Weekend,PM,46,1
940460,Week,AM,19,99
940460,Week,AM,46,228
940460,Week,PM,19,64
940460,Week,PM,20,1
940460,Week,PM,40,1
940460,Week,PM,46,301
940460,Weekend,AM,19,3
940460,Weekend,AM,46,2
940460,Weekend,PM,46,2
940864,Week,AM,17,2
940864,Week,AM,19,99
940864,Week,AM,20,4
940864,Week,AM,21,2
940864,Week,AM,31,1
940864,Week,AM,37,1
940864,Week,AM,40,1
940864,Week,AM,46,646
940864,Week,PM,14,2
940864,Week,PM,19,59
940864,Week,PM,20,2
940864,Week,PM,21,1
940864,Week,PM,37,1
940864,Week,PM,38,1
940864,Week,PM,40,1
940864,Week,PM,46,335
942819,Week,AM,14,15
942819,Week,AM,16,12
942819,Week,AM,17,27
942819,Week,AM,19,76
942819,Week,AM,20,59
942819,Week,AM,21,228
942819,Week,AM,31,7
942819,Week,AM,37,5
942819,Week,AM,38,6
942819,Week,AM,40,142
942819,Week,AM,46,154
942819,Week,AM,71,2
942819,Week,PM,14,7
942819,Week,PM,16,9
942819,Week,PM,17,25
942819,Week,PM,19,46
942819,Week,PM,20,25
942819,Week,PM,31,4
942819,Week,PM,37,2
942819,Week,PM,40,59
942819,Week,PM,46,106
942819,Week,PM,71,2
942819,Weekend,AM,21,2
942819,Weekend,AM,40,1
945266,Week,AM,14,1
945266,Week,AM,17,2
945266,Week,AM,19,160
945266,Week,AM,20,13
945266,Week,AM,21,4
945266,Week,AM,31,6
945266,Week,AM,37,2
945266,Week,AM,40,2
945266,Week,AM,46,693
945266,Week,PM,14,1
945266,Week,PM,16,2
945266,Week,PM,19,97
945266,Week,PM,20,4
945266,Week,PM,21,5
945266,Week,PM,31,2
945266,Week,PM,40,1
945266,Week,PM,46,377
945266,Weekend,AM,19,1
945266,Weekend,AM,46,1
945266,Weekend,PM,46,4
