summons_number,issue_date,violation_code,issuer_code,time_format,Address,City,State,Zip,AUTO_UNIQUE_ID_2014-04-21_superego_address,Source,TimeTaken,UpdatedGeocoding,Version,ErrorMessage,TransactionId,naaccrQualCode,naaccrQualType,FeatureMatchingResultType,MatchedLocationType,RegionSizeUnits,InterpolationType,RegionSize,InterpolationSubType,FeatureMatchingGeographyType,MatchScore,FeatureMatchingHierarchy,TieHandlingStrategyType,FeatureMatchingResultTypeTieBreakingNotes,GeocodeQualityType,FeatureMatchingHierarchyNotes,FeatureMatchingResultTypeNotes,FeatureMatchingResultCount,Latitude,Longitude,MatchType
7097809401,8/12/2013,20,349570,7:18,41 W 112th St,New York,New York,10027,1,USCGeocoder,187,1,4.01,,40308db2-f6fc-430c-9742-a4e0f9140773,3,StreetSegmentInterpolation,Success,LOCATION_TYPE_STREET_ADDRESS,Meters,LinearInterpolation,1720.619825,LinearInterpolationAddressRange,StreetSegment,96.00591716,FeatureClassBased,FlipACoin,,AddressRangeInterpolation,,,0,40.79894543,-73.95005218,Relaxed;Soundex
7097809425,8/12/2013,21,349570,7:39,525 W 120th St,New York,New York,10027,2,USCGeocoder,156,1,4.01,,6331f7f8-c008-40e8-bd0b-ce49a1fb02d1,3,StreetSegmentInterpolation,Success,LOCATION_TYPE_STREET_ADDRESS,Meters,LinearInterpolation,5792.550718,LinearInterpolationAddressRange,StreetSegment,100,FeatureClassBased,FlipACoin,,AddressRangeInterpolation,,,0,40.8097195,-73.95988519,Exact
7097809437,8/12/2013,21,349570,7:46,526 W 114th St,New York,New York,10027,3,USCGeocoder,16,1,4.01,,08c945b1-2b88-4c7b-aa50-ed4e86809db0,2,Parcel,Success,LOCATION_TYPE_STREET_ADDRESS,Meters,ArealInterpolation,219.5461611,ArealInterpolationGeometricCentroid,Parcel,98.87573964,FeatureClassBased,FlipACoin,,ExactParcelCentroidPoint,,,0,40.80587554,-73.96346828,Relaxed
7097809450,8/12/2013,40,349570,8:11,1201 Amsterdam Ave,New York,New York,10027,4,USCGeocoder,16,1,4.01,,c45ddafc-7616-498a-b4a2-5283d2b8e6be,2,Parcel,Success,LOCATION_TYPE_STREET_ADDRESS,Meters,ArealInterpolation,1178.736663,ArealInterpolationGeometricCentroid,Parcel,99.40828402,FeatureClassBased,FlipACoin,,ExactParcelCentroidPoint,,,0,40.80875545,-73.95913026,Relaxed
7097809486,8/12/2013,21,349570,8:41,271 W 119th St,New York,New York,10027,5,USCGeocoder,187,1,4.01,,25f82069-6bba-44b2-b0e1-9d2dd812eb85,3,StreetSegmentInterpolation,Success,LOCATION_TYPE_STREET_ADDRESS,Meters,LinearInterpolation,2531.261959,LinearInterpolationAddressRange,StreetSegment,96.00591716,FeatureClassBased,FlipACoin,,AddressRangeInterpolation,,,0,40.80601889,-73.95292895,Relaxed;Soundex
7097809528,8/12/2013,21,349570,9:44,281 W 118th St,New York,New York,10027,6,USCGeocoder,31,1,4.01,,86e84b8a-31c6-450d-a401-d79c1e9fb1bd,2,Parcel,Success,LOCATION_TYPE_STREET_ADDRESS,Meters,ArealInterpolation,176.1120446,ArealInterpolationGeometricCentroid,Parcel,98.87573964,FeatureClassBased,FlipACoin,,ExactParcelCentroidPoint,,,0,40.80573884,-73.95380464,Relaxed
7097809530,8/12/2013,21,349570,9:52,159 W 118th St,New York,New York,10027,7,USCGeocoder,31,1,4.01,,388b728c-b84d-4a15-9e13-731439c2c56e,2,Parcel,Success,LOCATION_TYPE_STREET_ADDRESS,Meters,ArealInterpolation,225.7205717,ArealInterpolationGeometricCentroid,Parcel,94.20118343,FeatureClassBased,FlipACoin,,ExactParcelCentroidPoint,,,0,40.79984963,-73.93986564,Relaxed
7097809565,8/12/2013,21,349570,10:04,17-21 W 118th St,New York,New York,10027,8,USCGeocoder,125,1,4.01,,dc31c5ce-c78b-4c84-bf6b-d116236914e2,9,AddressZIPCentroid,Success,LOCATION_TYPE_STREET_ADDRESS,Meters,ArealInterpolation,0,ArealInterpolationGeometricCentroid,USPSZip,100,FeatureClassBased,FlipACoin,,USPSZipAreaCentroid,,,0,40.81207,-73.954377,Exact
7097809577,8/12/2013,21,349570,10:15,308 W 115th St,New York,New York,10027,9,USCGeocoder,47,1,4.01,,cfc50d04-0bc6-4780-907c-b62712265c2e,2,Parcel,Success,LOCATION_TYPE_STREET_ADDRESS,Meters,ArealInterpolation,180.8183363,ArealInterpolationGeometricCentroid,Parcel,98.87573964,FeatureClassBased,FlipACoin,,ExactParcelCentroidPoint,,,0,40.80379197,-73.95659281,Relaxed
7097809607,8/12/2013,21,349570,11:21,69 Tiemann Pl,New York,New York,10027,10,USCGeocoder,109,1,4.01,,f46c78eb-fc20-4fbf-a14b-29778eb07ff0,3,StreetSegmentInterpolation,Success,LOCATION_TYPE_STREET_ADDRESS,Meters,LinearInterpolation,1939.721163,LinearInterpolationAddressRange,StreetSegment,100,FeatureClassBased,FlipACoin,,AddressRangeInterpolation,,,0,40.81571243,-73.9599287,Exact
7097809360,8/12/2013,46,349570,6:01,983 Columbus Ave,New York,New York,10027,11,USCGeocoder,0,1,4.01,,5c3e4a7e-9c19-4de6-a4e6-62e74f5e610c,2,Parcel,Success,LOCATION_TYPE_STREET_ADDRESS,Meters,ArealInterpolation,224.060377,ArealInterpolationGeometricCentroid,Parcel,98.87573964,FeatureClassBased,FlipACoin,,ExactParcelCentroidPoint,,,0,40.80058017,-73.9614946,Relaxed
7097809371,8/12/2013,46,349570,6:41,122 La Salle St,New York,New York,10027,12,USCGeocoder,125,1,4.01,,a9997d28-da76-4364-bd1c-31f3b8c1c714,3,StreetSegmentInterpolation,Success,LOCATION_TYPE_STREET_ADDRESS,Meters,LinearInterpolation,2249.417943,LinearInterpolationAddressRange,StreetSegment,100,FeatureClassBased,FlipACoin,,AddressRangeInterpolation,,,0,40.81386114,-73.96012135,Exact
7097809413,8/12/2013,21,349570,7:38,530 W 120th St,New York,New York,10027,13,USCGeocoder,47,1,4.01,,c316a03c-626b-48f5-8f5e-e47c8c457134,2,Parcel,Success,LOCATION_TYPE_STREET_ADDRESS,Meters,ArealInterpolation,71020.09912,ArealInterpolationGeometricCentroid,Parcel,99.40828402,FeatureClassBased,FlipACoin,,ExactParcelCentroidPoint,,,0,40.80859306,-73.9615831,Relaxed
7097809449,8/12/2013,21,349570,8:07,1305 Amsterdam Ave,New York,New York,10027,14,USCGeocoder,62,1,4.01,,a067642c-00e3-48ee-84ea-4aa4c39cc70e,3,StreetSegmentInterpolation,Success,LOCATION_TYPE_STREET_ADDRESS,Meters,LinearInterpolation,2426.83702,LinearInterpolationAddressRange,StreetSegment,100,FeatureClassBased,FlipACoin,,AddressRangeInterpolation,,,0,40.81214258,-73.95705664,Exact
7097809462,8/12/2013,21,349570,8:15,1125 Amsterdam Ave,New York,New York,10027,15,USCGeocoder,0,1,4.01,,cb045746-1f05-4376-aa5e-ec99321404c0,2,Parcel,Success,LOCATION_TYPE_STREET_ADDRESS,Meters,ArealInterpolation,905.1262052,ArealInterpolationGeometricCentroid,Parcel,98.87573964,FeatureClassBased,FlipACoin,,ExactParcelCentroidPoint,,,0,40.80622322,-73.96110798,Relaxed
7097809474,8/12/2013,20,349570,8:34,218 W 124th St,New York,New York,10027,16,USCGeocoder,187,1,4.01,,3c1fa0b1-a159-49ab-baf5-a92fab3469ce,3,StreetSegmentInterpolation,Success,LOCATION_TYPE_STREET_ADDRESS,Meters,LinearInterpolation,5797.72015,LinearInterpolationAddressRange,StreetSegment,100,FeatureClassBased,FlipACoin,,AddressRangeInterpolation,,,0,40.80843449,-73.94938719,Exact
7097809498,8/12/2013,46,349570,8:49,314 W 120th St,New York,New York,10027,17,USCGeocoder,62,1,4.01,,5d4f63a2-7282-486d-9932-6c8830183699,2,Parcel,Success,LOCATION_TYPE_STREET_ADDRESS,Meters,ArealInterpolation,159.8631695,ArealInterpolationGeometricCentroid,Parcel,94.20118343,FeatureClassBased,FlipACoin,,ExactParcelCentroidPoint,,,0,40.79903613,-73.93526224,Relaxed
7097809516,8/12/2013,21,349570,9:40,313 W 118th St,New York,New York,10027,18,USCGeocoder,31,1,4.01,,bbcf8463-1d8c-4b3f-a4df-efb2266a4bd8,2,Parcel,Success,LOCATION_TYPE_STREET_ADDRESS,Meters,ArealInterpolation,453.2743982,ArealInterpolationGeometricCentroid,Parcel,94.20118343,FeatureClassBased,FlipACoin,,ExactParcelCentroidPoint,,,0,40.79814627,-73.93583878,Relaxed
7097809541,8/12/2013,21,349570,9:54,111 W 118th St,New York,New York,10027,19,USCGeocoder,47,1,4.01,,0c391b09-45af-4555-a3db-12545a154c50,2,Parcel,Success,LOCATION_TYPE_STREET_ADDRESS,Meters,ArealInterpolation,175.0444219,ArealInterpolationGeometricCentroid,Parcel,98.87573964,FeatureClassBased,FlipACoin,,ExactParcelCentroidPoint,,,0,40.8038788,-73.94938862,Relaxed
7097809553,8/12/2013,71,349570,9:55,111 W 118th St,New York,New York,10027,20,USCGeocoder,31,1,4.01,,c8334612-92de-4dd1-8c1e-ed4f0ff50984,2,Parcel,Success,LOCATION_TYPE_STREET_ADDRESS,Meters,ArealInterpolation,175.0444219,ArealInterpolationGeometricCentroid,Parcel,98.87573964,FeatureClassBased,FlipACoin,,ExactParcelCentroidPoint,,,0,40.8038788,-73.94938862,Relaxed
7097809620,8/13/2013,19,349570,7:36,2508 Broadway,New York,New York,10027,21,USCGeocoder,16,1,4.01,,5d1893cd-7da1-4039-b69a-474448c5dcb4,2,Parcel,Success,LOCATION_TYPE_STREET_ADDRESS,Meters,ArealInterpolation,588.3329739,ArealInterpolationGeometricCentroid,Parcel,98.87573964,FeatureClassBased,FlipACoin,,ExactParcelCentroidPoint,,,0,40.79283968,-73.97258252,Relaxed
7097809644,8/13/2013,21,349570,8:12,2643 Broadway,New York,New York,10027,22,USCGeocoder,16,1,4.01,,71b53618-98be-4d69-83b0-3086ba288493,2,Parcel,Success,LOCATION_TYPE_STREET_ADDRESS,Meters,ArealInterpolation,501.0924145,ArealInterpolationGeometricCentroid,Parcel,98.87573964,FeatureClassBased,FlipACoin,,ExactParcelCentroidPoint,,,0,40.79758063,-73.97016009,Relaxed
7097809656,8/13/2013,21,349570,9:15,1425 Amsterdam Ave,New York,New York,10027,23,USCGeocoder,31,1,4.01,,69a77a88-d724-4521-8a5a-03d38a50049c,3,StreetSegmentInterpolation,Success,LOCATION_TYPE_STREET_ADDRESS,Meters,LinearInterpolation,1900.569195,LinearInterpolationAddressRange,StreetSegment,100,FeatureClassBased,FlipACoin,,AddressRangeInterpolation,,,0,40.81587092,-73.95433701,Exact
7097809711,8/13/2013,20,349570,9:56,228 W 132nd St,New York,New York,10027,24,USCGeocoder,0,1,4.01,,da09d863-244c-4c04-85a5-79f8ac5504c3,2,Parcel,Success,LOCATION_TYPE_STREET_ADDRESS,Meters,ArealInterpolation,170.9407743,ArealInterpolationGeometricCentroid,Parcel,99.40828402,FeatureClassBased,FlipACoin,,ExactParcelCentroidPoint,,,0,40.81365287,-73.94632241,Relaxed
7097809723,8/13/2013,20,349570,9:58,222 W 132nd St,New York,New York,10027,25,USCGeocoder,0,1,4.01,,6fe9837a-0eba-499a-b913-6f98dca697b8,2,Parcel,Success,LOCATION_TYPE_STREET_ADDRESS,Meters,ArealInterpolation,147.2520439,ArealInterpolationGeometricCentroid,Parcel,99.40828402,FeatureClassBased,FlipACoin,,ExactParcelCentroidPoint,,,0,40.8135865,-73.94616065,Relaxed
7097809772,8/13/2013,46,349570,11:47,61 St Nicholas Ave,New York,New York,10027,26,USCGeocoder,16,1,4.01,,5f8ba469-ae97-40d8-9665-7cb87f707bba,2,Parcel,Success,LOCATION_TYPE_STREET_ADDRESS,Meters,ArealInterpolation,3833.221586,ArealInterpolationGeometricCentroid,Parcel,97.86982249,FeatureClassBased,FlipACoin,,ExactParcelCentroidPoint,,,0,40.70682032,-73.91964814,Relaxed
7097809632,8/13/2013,21,349570,7:38,2526 Broadway,New York,New York,10027,27,USCGeocoder,31,1,4.01,,7b374f0b-00cf-44e7-9c6d-b6aa0cb0840b,3,StreetSegmentInterpolation,Success,LOCATION_TYPE_STREET_ADDRESS,Meters,LinearInterpolation,1905.694421,LinearInterpolationAddressRange,StreetSegment,96.00591716,FeatureClassBased,FlipACoin,,AddressRangeInterpolation,,,0,40.79349403,-73.97252478,Relaxed
7097809668,8/13/2013,21,349570,9:22,1504 Amsterdam Ave,New York,New York,10027,28,USCGeocoder,0,1,4.01,,14100783-f720-4d69-96b2-d39d38ae7bc9,2,Parcel,Success,LOCATION_TYPE_STREET_ADDRESS,Meters,ArealInterpolation,335.7547035,ArealInterpolationGeometricCentroid,Parcel,98.34319527,FeatureClassBased,FlipACoin,,ExactParcelCentroidPoint,,,0,40.81859773,-73.95289382,Relaxed
7097809693,8/13/2013,21,349570,9:28,110 Convent Ave,New York,New York,10027,29,USCGeocoder,31,1,4.01,,7240ec49-c64f-45c6-a47b-11be9d45e169,2,Parcel,Success,LOCATION_TYPE_STREET_ADDRESS,Meters,ArealInterpolation,454.188755,ArealInterpolationGeometricCentroid,Parcel,99.40828402,FeatureClassBased,FlipACoin,,ExactParcelCentroidPoint,,,0,40.8172106,-73.95267023,Relaxed
7097809700,8/13/2013,20,349570,9:51,228 W 132nd St,New York,New York,10027,30,USCGeocoder,16,1,4.01,,d213177d-1351-40e0-a506-9fa7220e5134,2,Parcel,Success,LOCATION_TYPE_STREET_ADDRESS,Meters,ArealInterpolation,170.9407743,ArealInterpolationGeometricCentroid,Parcel,99.40828402,FeatureClassBased,FlipACoin,,ExactParcelCentroidPoint,,,0,40.81365287,-73.94632241,Relaxed
7097809735,8/13/2013,21,349570,11:36,41958 St Nicholas Ave,New York,New York,10027,31,USCGeocoder,94,1,4.01,,510102cf-601d-43f4-a796-f6e785bbe0cb,9,AddressZIPCentroid,Success,LOCATION_TYPE_STREET_ADDRESS,Meters,ArealInterpolation,0,ArealInterpolationGeometricCentroid,USPSZip,100,FeatureClassBased,FlipACoin,,USPSZipAreaCentroid,,,0,40.81207,-73.954377,Exact
7097809747,8/13/2013,21,349570,11:38,52 St Nicholas Ave,New York,New York,10027,32,USCGeocoder,0,1,4.01,,26b73cfe-542e-4c98-9b81-30bb1b3f7a92,2,Parcel,Success,LOCATION_TYPE_STREET_ADDRESS,Meters,ArealInterpolation,523.3695982,ArealInterpolationGeometricCentroid,Parcel,98.87573964,FeatureClassBased,FlipACoin,,ExactParcelCentroidPoint,,,0,40.80031105,-73.95217005,Relaxed
7097809759,8/13/2013,21,349570,11:43,1893 Adam Clayton Powell,New York,New York,10027,33,USCGeocoder,16,1,4.01,,e0f845ee-fed6-444a-9419-3753261cecba,3,StreetSegmentInterpolation,Success,LOCATION_TYPE_STREET_ADDRESS,Meters,LinearInterpolation,1878.553375,LinearInterpolationAddressRange,StreetSegment,89.91472329,FeatureClassBased,FlipACoin,,AddressRangeInterpolation,,,0,40.80219866,-73.95315972,Relaxed;Soundex
7097809760,8/13/2013,21,349570,11:45,1871 Adam Clayton Powell,New York,New York,10027,34,USCGeocoder,16,1,4.01,,5a244c6f-3954-4842-be22-397b51ee2d96,3,StreetSegmentInterpolation,Success,LOCATION_TYPE_STREET_ADDRESS,Meters,LinearInterpolation,1910.355492,LinearInterpolationAddressRange,StreetSegment,89.91472329,FeatureClassBased,FlipACoin,,AddressRangeInterpolation,,,0,40.80166598,-73.95354839,Relaxed;Soundex
7097809784,8/13/2013,21,349570,11:50,143 W 113th St,New York,New York,10027,35,USCGeocoder,47,1,4.01,,800038b7-d327-46aa-a955-04b4534c9894,2,Parcel,Success,LOCATION_TYPE_STREET_ADDRESS,Meters,ArealInterpolation,211.5538578,ArealInterpolationGeometricCentroid,Parcel,98.87573964,FeatureClassBased,FlipACoin,,ExactParcelCentroidPoint,,,0,40.80121413,-73.95319415,Relaxed
7097809796,8/14/2013,20,349570,6:53,1 Nagle Ave,New York,New York,10027,36,USCGeocoder,78,1,4.01,,dd4ca440-428b-48a0-91e3-501dda8261ac,3,StreetSegmentInterpolation,Success,LOCATION_TYPE_STREET_ADDRESS,Meters,LinearInterpolation,2077.933776,LinearInterpolationAddressRange,StreetSegment,92.01183432,FeatureClassBased,FlipACoin,,AddressRangeInterpolation,,,0,40.85924876,-73.93126489,Relaxed
7097809802,8/14/2013,14,349570,6:56,151-169 Nagle Ave,New York,New York,10027,37,USCGeocoder,16,1,4.01,,b6444de3-8c19-48e9-8ab1-cd929ef94211,9,AddressZIPCentroid,Success,LOCATION_TYPE_STREET_ADDRESS,Meters,ArealInterpolation,0,ArealInterpolationGeometricCentroid,USPSZip,100,FeatureClassBased,FlipACoin,,USPSZipAreaCentroid,,,0,40.81207,-73.954377,Exact
7097809840,8/14/2013,19,349570,7:44,4009 Broadway,New York,New York,10027,38,USCGeocoder,31,1,4.01,,848f8aa1-c922-4ec1-9781-802083c5507e,3,StreetSegmentInterpolation,Success,LOCATION_TYPE_STREET_ADDRESS,Meters,LinearInterpolation,1838.419691,LinearInterpolationAddressRange,StreetSegment,92.01183432,FeatureClassBased,FlipACoin,,AddressRangeInterpolation,,,0,40.84140021,-73.93964594,Relaxed
7097809875,8/14/2013,21,349570,8:07,1967 Amsterdam Ave,New York,New York,10027,39,USCGeocoder,0,1,4.01,,502be4bd-6211-47c2-b65c-ffd9d06cbbae,2,Parcel,Success,LOCATION_TYPE_STREET_ADDRESS,Meters,ArealInterpolation,234.2819864,ArealInterpolationGeometricCentroid,Parcel,98.34319527,FeatureClassBased,FlipACoin,,ExactParcelCentroidPoint,,,0,40.83301599,-73.94153313,Relaxed
7097809887,8/14/2013,21,349570,8:36,3665 Broadway,New York,New York,10027,40,USCGeocoder,47,1,4.01,,36de36ce-b0c9-4a81-9809-49221ac5266a,3,StreetSegmentInterpolation,Success,LOCATION_TYPE_STREET_ADDRESS,Meters,LinearInterpolation,1898.550954,LinearInterpolationAddressRange,StreetSegment,92.01183432,FeatureClassBased,FlipACoin,,AddressRangeInterpolation,,,0,40.83049199,-73.94759801,Relaxed
7097809899,8/14/2013,21,349570,8:38,3629 Broadway,New York,New York,10027,41,USCGeocoder,16,1,4.01,,ecdbfd50-a28e-4778-bc08-9c2f095a37d2,3,StreetSegmentInterpolation,Success,LOCATION_TYPE_STREET_ADDRESS,Meters,LinearInterpolation,1895.278651,LinearInterpolationAddressRange,StreetSegment,92.01183432,FeatureClassBased,FlipACoin,,AddressRangeInterpolation,,,0,40.82929069,-73.9484751,Relaxed
7097809905,8/14/2013,19,349570,8:41,550 W 145th St,New York,New York,10027,42,USCGeocoder,140,1,4.01,,7d287799-1559-439e-bd5f-2b1725987972,3,StreetSegmentInterpolation,Success,LOCATION_TYPE_STREET_ADDRESS,Meters,LinearInterpolation,5806.588332,LinearInterpolationAddressRange,StreetSegment,92.01183432,FeatureClassBased,FlipACoin,,AddressRangeInterpolation,,,0,40.82576057,-73.94909216,Relaxed
7097809917,8/14/2013,21,349570,8:43,3531 Broadway,New York,New York,10027,43,USCGeocoder,0,1,4.01,,93e1f072-b952-4f94-82ab-5ecafaaf3f4f,2,Parcel,Success,LOCATION_TYPE_STREET_ADDRESS,Meters,ArealInterpolation,942.5631158,ArealInterpolationGeometricCentroid,Parcel,98.34319527,FeatureClassBased,FlipACoin,,ExactParcelCentroidPoint,,,0,40.82634881,-73.95101986,Relaxed
7097809966,8/14/2013,21,349570,9:36,565 W 162nd St,New York,New York,10027,44,USCGeocoder,109,1,4.01,,58459e61-3d31-40ce-85b8-56e53afe3de4,3,StreetSegmentInterpolation,Success,LOCATION_TYPE_STREET_ADDRESS,Meters,LinearInterpolation,5413.048874,LinearInterpolationAddressRange,StreetSegment,92.01183432,FeatureClassBased,FlipACoin,,AddressRangeInterpolation,,,0,40.83687912,-73.94164326,Relaxed;Soundex
7097809980,8/14/2013,21,349570,9:38,541-539 W 162nd St,New York,New York,10027,45,USCGeocoder,31,1,4.01,,310577c8-f6fb-44c0-9b6a-6ff14d77da54,9,AddressZIPCentroid,Success,LOCATION_TYPE_STREET_ADDRESS,Meters,ArealInterpolation,0,ArealInterpolationGeometricCentroid,USPSZip,100,FeatureClassBased,FlipACoin,,USPSZipAreaCentroid,,,0,40.81207,-73.954377,Exact
7097809991,8/14/2013,21,349570,9:43,2077 Amsterdam Ave,New York,New York,10027,46,USCGeocoder,16,1,4.01,,88583ce8-0e49-4ffa-aa4f-fe1bcc5e2267,3,StreetSegmentInterpolation,Success,LOCATION_TYPE_STREET_ADDRESS,Meters,LinearInterpolation,2114.456069,LinearInterpolationAddressRange,StreetSegment,92.01183432,FeatureClassBased,FlipACoin,,AddressRangeInterpolation,,,0,40.8363491,-73.93937644,Relaxed
7097810014,8/14/2013,48,349570,10:02,953 St Nicholas Ave,New York,New York,10027,47,USCGeocoder,0,1,4.01,,8261de5f-7130-4f4b-8e3a-d5541dcb3e64,2,Parcel,Success,LOCATION_TYPE_STREET_ADDRESS,Meters,ArealInterpolation,101.3878538,ArealInterpolationGeometricCentroid,Parcel,98.34319527,FeatureClassBased,FlipACoin,,ExactParcelCentroidPoint,,,0,40.83301241,-73.94099356,Relaxed
7097810026,8/14/2013,21,349570,11:36,609 W 161st St,New York,New York,10027,48,USCGeocoder,16,1,4.01,,1be7dfe1-f5d3-441d-9a45-6fef2168b92f,2,Parcel,Success,LOCATION_TYPE_STREET_ADDRESS,Meters,ArealInterpolation,520.2479182,ArealInterpolationGeometricCentroid,Parcel,93.13609467,FeatureClassBased,FlipACoin,,ExactParcelCentroidPoint,,,0,40.79519172,-73.79989954,Relaxed
7097810099,8/14/2013,37,349570,0:59,1956 3rd Ave,New York,New York,10027,49,USCGeocoder,0,1,4.01,,3a0aa2d3-6534-495a-8e4a-17a7c0e85c8d,2,Parcel,Success,LOCATION_TYPE_STREET_ADDRESS,Meters,ArealInterpolation,227.6291743,ArealInterpolationGeometricCentroid,Parcel,98.87573964,FeatureClassBased,FlipACoin,,ExactParcelCentroidPoint,,,0,40.79267196,-73.94430255,Relaxed
7097810117,8/14/2013,38,349570,13:18,175 E 116th St,New York,New York,10027,50,USCGeocoder,31,1,4.01,,04856590-a354-4bc6-81c9-c5082c05abf4,2,Parcel,Success,LOCATION_TYPE_STREET_ADDRESS,Meters,ArealInterpolation,149.0504781,ArealInterpolationGeometricCentroid,Parcel,98.87573964,FeatureClassBased,FlipACoin,,ExactParcelCentroidPoint,,,0,40.79846453,-73.94049093,Relaxed
7097810129,8/14/2013,46,349570,13:21,2141 3rd Ave,New York,New York,10027,51,USCGeocoder,0,1,4.01,,37f25752-a6f9-4089-891a-edd2fbdd4f2f,2,Parcel,Success,LOCATION_TYPE_STREET_ADDRESS,Meters,ArealInterpolation,128.258055,ArealInterpolationGeometricCentroid,Parcel,98.34319527,FeatureClassBased,FlipACoin,,ExactParcelCentroidPoint,,,0,40.79839876,-73.93929418,Relaxed
7097810130,8/14/2013,20,349570,13:29,2238 3rd Ave,New York,New York,10027,52,USCGeocoder,31,1,4.01,,4e0c4aa4-a002-42e6-a2b8-2c65d13e1c6a,2,Parcel,Success,LOCATION_TYPE_STREET_ADDRESS,Meters,ArealInterpolation,223.7628175,ArealInterpolationGeometricCentroid,Parcel,98.34319527,FeatureClassBased,FlipACoin,,ExactParcelCentroidPoint,,,0,40.80175757,-73.93767737,Relaxed
7097810154,8/14/2013,71,349570,13:34,2256 3rd Ave,New York,New York,10027,53,USCGeocoder,0,1,4.01,,c761d796-2cce-46b9-9aaf-257246f24ff8,2,Parcel,Success,LOCATION_TYPE_STREET_ADDRESS,Meters,ArealInterpolation,158.8602646,ArealInterpolationGeometricCentroid,Parcel,98.34319527,FeatureClassBased,FlipACoin,,ExactParcelCentroidPoint,,,0,40.80230797,-73.93725508,Relaxed
7097810178,8/14/2013,46,349570,13:38,2271 3rd Ave,New York,New York,10027,54,USCGeocoder,0,1,4.01,,4fdc2aa8-7db6-45b3-9a73-f36450943b43,2,Parcel,Success,LOCATION_TYPE_STREET_ADDRESS,Meters,ArealInterpolation,217.6349948,ArealInterpolationGeometricCentroid,Parcel,98.34319527,FeatureClassBased,FlipACoin,,ExactParcelCentroidPoint,,,0,40.80252738,-73.93624943,Relaxed
7097810191,8/14/2013,20,349570,13:56,215 E 116th St,New York,New York,10027,55,USCGeocoder,16,1,4.01,,a3c6a230-8439-4051-9cea-32a8985ab27a,2,Parcel,Success,LOCATION_TYPE_STREET_ADDRESS,Meters,ArealInterpolation,646.714103,ArealInterpolationGeometricCentroid,Parcel,94.73372781,FeatureClassBased,FlipACoin,,ExactParcelCentroidPoint,,,0,40.80385309,-73.9533776,Relaxed
7097810208,8/14/2013,46,349570,14:03,242 E 116th St,New York,New York,10027,56,USCGeocoder,47,1,4.01,,f1b0af26-5088-40f1-9567-ef8c6332a8d3,2,Parcel,Success,LOCATION_TYPE_STREET_ADDRESS,Meters,ArealInterpolation,390.3807005,ArealInterpolationGeometricCentroid,Parcel,98.87573964,FeatureClassBased,FlipACoin,,ExactParcelCentroidPoint,,,0,40.797022,-73.93852819,Relaxed
7097810210,8/14/2013,20,349570,14:08,216 E 116th St,New York,New York,10027,57,USCGeocoder,31,1,4.01,,80f0d0f0-639e-484d-98af-f8127b84c0d3,2,Parcel,Success,LOCATION_TYPE_STREET_ADDRESS,Meters,ArealInterpolation,476.0953725,ArealInterpolationGeometricCentroid,Parcel,98.87573964,FeatureClassBased,FlipACoin,,ExactParcelCentroidPoint,,,0,40.79739748,-73.93944961,Relaxed
7097810233,8/14/2013,38,349570,14:23,1932 3rd Ave,New York,New York,10027,58,USCGeocoder,16,1,4.01,,348db97b-fdab-4c56-8d18-7bde60451dfc,2,Parcel,Success,LOCATION_TYPE_STREET_ADDRESS,Meters,ArealInterpolation,212.6114151,ArealInterpolationGeometricCentroid,Parcel,98.87573964,FeatureClassBased,FlipACoin,,ExactParcelCentroidPoint,,,0,40.79207775,-73.94468921,Relaxed
7097810245,8/14/2013,38,349570,14:29,1888 3rd Ave,New York,New York,10027,59,USCGeocoder,0,1,4.01,,11df72f8-47c3-42f4-a19f-4a8ddc4ed226,2,Parcel,Success,LOCATION_TYPE_STREET_ADDRESS,Meters,ArealInterpolation,474.2895755,ArealInterpolationGeometricCentroid,Parcel,98.87573964,FeatureClassBased,FlipACoin,,ExactParcelCentroidPoint,,,0,40.79064954,-73.94576941,Relaxed
7097810269,8/14/2013,40,349570,14:36,153 E 104th St,New York,New York,10027,60,USCGeocoder,172,1,4.01,,fa4c5390-26c9-44e1-bb2c-eee0797b83fc,3,StreetSegmentInterpolation,Success,LOCATION_TYPE_STREET_ADDRESS,Meters,LinearInterpolation,3403.306078,LinearInterpolationAddressRange,StreetSegment,96.00591716,FeatureClassBased,FlipACoin,,AddressRangeInterpolation,,,0,40.79093772,-73.94699806,Relaxed;Soundex
7097809814,8/14/2013,21,349570,7:35,Nagle Ave,New York,New York,10027,61,USCGeocoder,0,1,4.01,,ac71e496-0f27-4163-a0a8-2722e5e1b220,9,AddressZIPCentroid,Success,LOCATION_TYPE_STREET_ADDRESS,Meters,ArealInterpolation,0,ArealInterpolationGeometricCentroid,USPSZip,100,FeatureClassBased,FlipACoin,,USPSZipAreaCentroid,,,0,40.81207,-73.954377,Exact
7097809826,8/14/2013,21,349570,7:36,4199 Broadway,New York,New York,10027,62,USCGeocoder,31,1,4.01,,4b989c52-824f-4019-a9be-84ee8e5fd768,3,StreetSegmentInterpolation,Success,LOCATION_TYPE_STREET_ADDRESS,Meters,LinearInterpolation,1910.267876,LinearInterpolationAddressRange,StreetSegment,92.01183432,FeatureClassBased,FlipACoin,,AddressRangeInterpolation,,,0,40.84841068,-73.93776225,Relaxed
7097809838,8/14/2013,21,349570,7:39,4129 Broadway,New York,New York,10027,63,USCGeocoder,62,1,4.01,,d185d5e8-4979-41b0-8dee-fb62be07e228,3,StreetSegmentInterpolation,Success,LOCATION_TYPE_STREET_ADDRESS,Meters,LinearInterpolation,2032.369239,LinearInterpolationAddressRange,StreetSegment,92.01183432,FeatureClassBased,FlipACoin,,AddressRangeInterpolation,,,0,40.84584217,-73.93865166,Relaxed
7097809851,8/14/2013,21,349570,8:05,Broadway,New York,New York,10027,64,USCGeocoder,16,1,4.01,,62a1cf8f-5986-493d-83a3-4f532aa8d809,9,AddressZIPCentroid,Success,LOCATION_TYPE_STREET_ADDRESS,Meters,ArealInterpolation,0,ArealInterpolationGeometricCentroid,USPSZip,100,FeatureClassBased,FlipACoin,,USPSZipAreaCentroid,,,0,40.81207,-73.954377,Exact
7097809863,8/14/2013,21,349570,8:06,1963 Amsterdam Ave,New York,New York,10027,65,USCGeocoder,16,1,4.01,,485667d3-9f3f-44e4-8209-9fc28c73ec75,2,Parcel,Success,LOCATION_TYPE_STREET_ADDRESS,Meters,ArealInterpolation,234.3028539,ArealInterpolationGeometricCentroid,Parcel,98.34319527,FeatureClassBased,FlipACoin,,ExactParcelCentroidPoint,,,0,40.83289552,-73.94162057,Relaxed
7097809929,8/14/2013,48,349570,9:08,1003 St Nicholas Ave,New York,New York,10027,66,USCGeocoder,31,1,4.01,,e6ea9239-fbfe-480c-b5f5-5144f6d00f92,3,StreetSegmentInterpolation,Success,LOCATION_TYPE_STREET_ADDRESS,Meters,LinearInterpolation,1314.288018,LinearInterpolationAddressRange,StreetSegment,92.01183432,FeatureClassBased,FlipACoin,,AddressRangeInterpolation,,,0,40.83494021,-73.93994864,Relaxed;Soundex
7097809942,8/14/2013,20,349570,9:13,600 W 161st St,New York,New York,10027,67,USCGeocoder,109,1,4.01,,03216bc7-fa59-42ee-ba29-99d1d0f71b1a,3,StreetSegmentInterpolation,Success,LOCATION_TYPE_STREET_ADDRESS,Meters,LinearInterpolation,2711.562646,LinearInterpolationAddressRange,StreetSegment,92.01183432,FeatureClassBased,FlipACoin,,AddressRangeInterpolation,,,0,40.83648029,-73.94310194,Relaxed;Soundex
7097809954,8/14/2013,40,349570,9:17,659 W 162nd St,New York,New York,10027,68,USCGeocoder,16,1,4.01,,feee14d9-68d3-4b4a-9bec-a29f3ec9bfae,2,Parcel,Success,LOCATION_TYPE_STREET_ADDRESS,Meters,ArealInterpolation,1253.619668,ArealInterpolationGeometricCentroid,Parcel,98.34319527,FeatureClassBased,FlipACoin,,ExactParcelCentroidPoint,,,0,40.83831285,-73.94466637,Relaxed
7097809978,8/14/2013,21,349570,9:37,565 W 162nd St,New York,New York,10027,69,USCGeocoder,109,1,4.01,,23ea345b-7453-42e5-9034-3ca0803eade6,3,StreetSegmentInterpolation,Success,LOCATION_TYPE_STREET_ADDRESS,Meters,LinearInterpolation,5413.048874,LinearInterpolationAddressRange,StreetSegment,92.01183432,FeatureClassBased,FlipACoin,,AddressRangeInterpolation,,,0,40.83687912,-73.94164326,Relaxed;Soundex
7097810002,8/14/2013,71,349570,9:50,452 W 164th St,New York,New York,10027,70,USCGeocoder,31,1,4.01,,341dfc2b-5f2a-42e6-8d76-fadf81f8fc1d,2,Parcel,Success,LOCATION_TYPE_STREET_ADDRESS,Meters,ArealInterpolation,400.5653303,ArealInterpolationGeometricCentroid,Parcel,98.34319527,FeatureClassBased,FlipACoin,,ExactParcelCentroidPoint,,,0,40.83678031,-73.93842989,Relaxed
7097810040,8/14/2013,21,349570,11:40,674 W 161st St,New York,New York,10027,71,USCGeocoder,0,1,4.01,,0f5eb441-05d9-4a63-b2a7-ecb03cc3cc9f,2,Parcel,Success,LOCATION_TYPE_STREET_ADDRESS,Meters,ArealInterpolation,1168.261226,ArealInterpolationGeometricCentroid,Parcel,98.34319527,FeatureClassBased,FlipACoin,,ExactParcelCentroidPoint,,,0,40.83755145,-73.9459912,Relaxed
7097810075,8/14/2013,21,349570,11:51,638 W 160th St,New York,New York,10027,72,USCGeocoder,31,1,4.01,,d8e50b50-19cb-4d0b-9d9b-f67eedb19732,2,Parcel,Success,LOCATION_TYPE_STREET_ADDRESS,Meters,ArealInterpolation,940.940009,ArealInterpolationGeometricCentroid,Parcel,98.34319527,FeatureClassBased,FlipACoin,,ExactParcelCentroidPoint,,,0,40.8365452,-73.94550706,Relaxed
7097810105,8/14/2013,37,349570,13:01,1956 3rd Ave,New York,New York,10027,73,USCGeocoder,0,1,4.01,,74b5dff0-1e26-4778-9667-5168af7df6ab,2,Parcel,Success,LOCATION_TYPE_STREET_ADDRESS,Meters,ArealInterpolation,227.6291743,ArealInterpolationGeometricCentroid,Parcel,98.87573964,FeatureClassBased,FlipACoin,,ExactParcelCentroidPoint,,,0,40.79267196,-73.94430255,Relaxed
7097810142,8/14/2013,38,349570,13:31,2231 3rd Ave,New York,New York,10027,74,USCGeocoder,16,1,4.01,,b085bac3-fdf3-4726-b796-2af02b00595e,2,Parcel,Success,LOCATION_TYPE_STREET_ADDRESS,Meters,ArealInterpolation,801.5790315,ArealInterpolationGeometricCentroid,Parcel,98.34319527,FeatureClassBased,FlipACoin,,ExactParcelCentroidPoint,,,0,40.80134583,-73.93710376,Relaxed
7097810166,8/14/2013,46,349570,13:37,2266 3rd Ave,New York,New York,10027,75,USCGeocoder,16,1,4.01,,d9f29a56-5f6d-4194-9042-c8c1d98cc276,2,Parcel,Success,LOCATION_TYPE_STREET_ADDRESS,Meters,ArealInterpolation,105.9134392,ArealInterpolationGeometricCentroid,Parcel,98.34319527,FeatureClassBased,FlipACoin,,ExactParcelCentroidPoint,,,0,40.80271098,-73.93691565,Relaxed
7097810180,8/14/2013,46,349570,13:39,2271 3rd Ave,New York,New York,10027,76,USCGeocoder,0,1,4.01,,28b678bc-5e3f-43e5-b1d3-5e6190761770,2,Parcel,Success,LOCATION_TYPE_STREET_ADDRESS,Meters,ArealInterpolation,217.6349948,ArealInterpolationGeometricCentroid,Parcel,98.34319527,FeatureClassBased,FlipACoin,,ExactParcelCentroidPoint,,,0,40.80252738,-73.93624943,Relaxed
7097810221,8/14/2013,37,349570,14:16,2018 3rd Ave,New York,New York,10027,77,USCGeocoder,0,1,4.01,,6d4d03f8-6aa3-41d8-abd9-aefbe33a9de0,2,Parcel,Success,LOCATION_TYPE_STREET_ADDRESS,Meters,ArealInterpolation,205.1452545,ArealInterpolationGeometricCentroid,Parcel,98.87573964,FeatureClassBased,FlipACoin,,ExactParcelCentroidPoint,,,0,40.79478049,-73.94273098,Relaxed
7097810257,8/14/2013,38,349570,14:30,1880 3rd Ave,New York,New York,10027,78,USCGeocoder,16,1,4.01,,43b9514a-6803-4364-8c74-c61638fb18e7,2,Parcel,Success,LOCATION_TYPE_STREET_ADDRESS,Meters,ArealInterpolation,184.5270615,ArealInterpolationGeometricCentroid,Parcel,98.87573964,FeatureClassBased,FlipACoin,,ExactParcelCentroidPoint,,,0,40.7902324,-73.94604114,Relaxed
7097810270,8/15/2013,19,349570,6:18,2575 Broadway,New York,New York,10027,79,USCGeocoder,31,1,4.01,,0f7d6977-c6c7-42ab-8bf6-777ea17d6fe0,3,StreetSegmentInterpolation,Success,LOCATION_TYPE_STREET_ADDRESS,Meters,LinearInterpolation,1906.824966,LinearInterpolationAddressRange,StreetSegment,96.00591716,FeatureClassBased,FlipACoin,,AddressRangeInterpolation,,,0,40.7932505,-73.97292471,Relaxed
7097810312,8/15/2013,14,349570,7:01,638-644 W 132nd St,New York,New York,10027,80,USCGeocoder,31,1,4.01,,359075de-3760-46e4-bc78-5ac401d72551,9,AddressZIPCentroid,Success,LOCATION_TYPE_STREET_ADDRESS,Meters,ArealInterpolation,0,ArealInterpolationGeometricCentroid,USPSZip,100,FeatureClassBased,FlipACoin,,USPSZipAreaCentroid,,,0,40.81207,-73.954377,Exact
7097810350,8/15/2013,20,349570,8:14,147 W 123rd St,New York,New York,10027,81,USCGeocoder,0,1,4.01,,029d2ff7-dd96-448f-86de-f0320e77dd2c,2,Parcel,Success,LOCATION_TYPE_STREET_ADDRESS,Meters,ArealInterpolation,673.8743314,ArealInterpolationGeometricCentroid,Parcel,99.40828402,FeatureClassBased,FlipACoin,,ExactParcelCentroidPoint,,,0,40.80747212,-73.94821053,Relaxed
7097810373,8/15/2013,20,349570,8:43,300 W 145th St,New York,New York,10027,82,USCGeocoder,16,1,4.01,,3521acee-57a3-4983-bfba-3f21b51429fb,2,Parcel,Success,LOCATION_TYPE_STREET_ADDRESS,Meters,ArealInterpolation,4103.787331,ArealInterpolationGeometricCentroid,Parcel,98.34319527,FeatureClassBased,FlipACoin,,ExactParcelCentroidPoint,,,0,40.82270914,-73.94273349,Relaxed
7097810397,8/15/2013,19,349570,9:36,1206 St Nicholas Ave,New York,New York,10027,83,USCGeocoder,16,1,4.01,,2d0f88a6-f63a-449c-be9c-fc66fb281cc5,3,StreetSegmentInterpolation,Success,LOCATION_TYPE_STREET_ADDRESS,Meters,LinearInterpolation,1930.580361,LinearInterpolationAddressRange,StreetSegment,92.01183432,FeatureClassBased,FlipACoin,,AddressRangeInterpolation,,,0,40.84259213,-73.93853431,Relaxed;Soundex
7097810440,8/15/2013,20,349570,11:32,147 W 123rd St,New York,New York,10027,84,USCGeocoder,16,1,4.01,,43c9ce4e-78b6-4fee-9bd6-beeb3103f0b8,2,Parcel,Success,LOCATION_TYPE_STREET_ADDRESS,Meters,ArealInterpolation,673.8743314,ArealInterpolationGeometricCentroid,Parcel,99.40828402,FeatureClassBased,FlipACoin,,ExactParcelCentroidPoint,,,0,40.80747212,-73.94821053,Relaxed
7097810464,8/15/2013,40,349570,11:37,258-260 W 123rd St,New York,New York,10027,85,USCGeocoder,31,1,4.01,,e51ca15a-8d33-40e7-a384-91743a8934cb,9,AddressZIPCentroid,Success,LOCATION_TYPE_STREET_ADDRESS,Meters,ArealInterpolation,0,ArealInterpolationGeometricCentroid,USPSZip,100,FeatureClassBased,FlipACoin,,USPSZipAreaCentroid,,,0,40.81207,-73.954377,Exact
7097810282,8/15/2013,19,349570,6:47,545 W 110th St,New York,New York,10027,86,USCGeocoder,31,1,4.01,,f100e4c2-0028-4914-950b-8e97fc97f647,2,Parcel,Success,LOCATION_TYPE_STREET_ADDRESS,Meters,ArealInterpolation,421.0162275,ArealInterpolationGeometricCentroid,Parcel,98.87573964,FeatureClassBased,FlipACoin,,ExactParcelCentroidPoint,,,0,40.80413276,-73.96591761,Relaxed
7097810294,8/15/2013,84,349570,6:48,545 W 110th St,New York,New York,10027,87,USCGeocoder,16,1,4.01,,be505213-7a9e-442a-a65d-9b31214ac06c,2,Parcel,Success,LOCATION_TYPE_STREET_ADDRESS,Meters,ArealInterpolation,421.0162275,ArealInterpolationGeometricCentroid,Parcel,98.87573964,FeatureClassBased,FlipACoin,,ExactParcelCentroidPoint,,,0,40.80413276,-73.96591761,Relaxed
7097810324,8/15/2013,19,349570,7:09,2200 Fredrick Douglas Blv,New York,New York,10027,88,USCGeocoder,16,1,4.01,,bb527b82-2eba-4a17-9de6-b1698a3041d9,3,StreetSegmentInterpolation,Success,LOCATION_TYPE_STREET_ADDRESS,Meters,LinearInterpolation,1909.207107,LinearInterpolationAddressRange,StreetSegment,92.4556213,FeatureClassBased,FlipACoin,,AddressRangeInterpolation,,,0,40.80605975,-73.9540598,Relaxed;Soundex
7097810348,8/15/2013,71,349570,8:05,312 W 123rd St,New York,New York,10027,89,USCGeocoder,94,1,4.01,,b35ae9bd-291e-4dc3-accb-b6989b7f9702,3,StreetSegmentInterpolation,Success,LOCATION_TYPE_STREET_ADDRESS,Meters,LinearInterpolation,2016.408415,LinearInterpolationAddressRange,StreetSegment,100,FeatureClassBased,FlipACoin,,AddressRangeInterpolation,,,0,40.80902587,-73.95273925,Exact
7097810361,8/15/2013,20,349570,8:17,147 W 123rd St,New York,New York,10027,90,USCGeocoder,16,1,4.01,,aa36d9f7-053e-46a5-ae55-dbddfe713e19,2,Parcel,Success,LOCATION_TYPE_STREET_ADDRESS,Meters,ArealInterpolation,673.8743314,ArealInterpolationGeometricCentroid,Parcel,99.40828402,FeatureClassBased,FlipACoin,,ExactParcelCentroidPoint,,,0,40.80747212,-73.94821053,Relaxed
7097810385,8/15/2013,46,349570,8:51,2572 Adam Clayton Powell,New York,New York,10027,91,USCGeocoder,16,1,4.01,,82d86371-cc3e-45c3-bc94-7bc0a6cbf438,9,AddressZIPCentroid,Success,LOCATION_TYPE_STREET_ADDRESS,Meters,ArealInterpolation,0,ArealInterpolationGeometricCentroid,USPSZip,100,FeatureClassBased,FlipACoin,,USPSZipAreaCentroid,,,0,40.81207,-73.954377,Exact
7097810403,8/15/2013,16,349570,9:52,801 W 181st St,New York,New York,10027,92,USCGeocoder,0,1,4.01,,4ea03071-44af-44ad-8950-149dc52e1acf,2,Parcel,Success,LOCATION_TYPE_STREET_ADDRESS,Meters,ArealInterpolation,1532.830992,ArealInterpolationGeometricCentroid,Parcel,98.34319527,FeatureClassBased,FlipACoin,,ExactParcelCentroidPoint,,,0,40.85127962,-73.93844032,Relaxed
7097810415,8/15/2013,17,349570,10:40,3975 Broadway,New York,New York,10027,93,USCGeocoder,16,1,4.01,,4681e408-1806-4340-9234-3e93793ceada,2,Parcel,Success,LOCATION_TYPE_STREET_ADDRESS,Meters,ArealInterpolation,1577.491089,ArealInterpolationGeometricCentroid,Parcel,98.34319527,FeatureClassBased,FlipACoin,,ExactParcelCentroidPoint,,,0,40.84041334,-73.94077157,Relaxed
7097810427,8/15/2013,14,349570,11:28,38 Mount Morris Park,New York,New York,10027,94,USCGeocoder,62,1,4.01,,032173da-3573-433c-bd63-9b390a70536c,9,AddressZIPCentroid,Success,LOCATION_TYPE_STREET_ADDRESS,Meters,ArealInterpolation,0,ArealInterpolationGeometricCentroid,USPSZip,100,FeatureClassBased,FlipACoin,,USPSZipAreaCentroid,,,0,40.81207,-73.954377,Exact
7097810439,8/15/2013,46,349570,11:30,22 W 123rd St,New York,New York,10027,95,USCGeocoder,0,1,4.01,,8f51ab98-f6d0-4e97-b9c8-e2d8546f8cfb,2,Parcel,Success,LOCATION_TYPE_STREET_ADDRESS,Meters,ArealInterpolation,138.190538,ArealInterpolationGeometricCentroid,Parcel,99.40828402,FeatureClassBased,FlipACoin,,ExactParcelCentroidPoint,,,0,40.80598591,-73.94590311,Relaxed
7097810452,8/15/2013,40,349570,11:35,214 W 123rd St,New York,New York,10027,96,USCGeocoder,0,1,4.01,,b5317e02-c9c0-4f20-af8c-d6888907ec3e,2,Parcel,Success,LOCATION_TYPE_STREET_ADDRESS,Meters,ArealInterpolation,130.4981036,ArealInterpolationGeometricCentroid,Parcel,99.40828402,FeatureClassBased,FlipACoin,,ExactParcelCentroidPoint,,,0,40.80781329,-73.9502411,Relaxed
7097810567,8/16/2013,20,349570,8:37,218 W 124th St,New York,New York,10027,97,USCGeocoder,187,1,4.01,,07b63cf3-bc36-47e2-aa8c-28fdf6f7d8b0,3,StreetSegmentInterpolation,Success,LOCATION_TYPE_STREET_ADDRESS,Meters,LinearInterpolation,5797.72015,LinearInterpolationAddressRange,StreetSegment,100,FeatureClassBased,FlipACoin,,AddressRangeInterpolation,,,0,40.80843449,-73.94938719,Exact
7097810579,8/16/2013,20,349570,8:38,218 W 124th St,New York,New York,10027,98,USCGeocoder,218,1,4.01,,568e3a77-128c-40c3-8d29-5f8c0e28e8bf,3,StreetSegmentInterpolation,Success,LOCATION_TYPE_STREET_ADDRESS,Meters,LinearInterpolation,5797.72015,LinearInterpolationAddressRange,StreetSegment,100,FeatureClassBased,FlipACoin,,AddressRangeInterpolation,,,0,40.80843449,-73.94938719,Exact
7097810580,8/16/2013,21,349570,8:40,210 W 123rd St,New York,New York,10027,99,USCGeocoder,0,1,4.01,,3263fe64-5ab9-40c4-a8fc-a52f21a97a9b,2,Parcel,Success,LOCATION_TYPE_STREET_ADDRESS,Meters,ArealInterpolation,123.8183496,ArealInterpolationGeometricCentroid,Parcel,99.40828402,FeatureClassBased,FlipACoin,,ExactParcelCentroidPoint,,,0,40.8077693,-73.95014245,Relaxed
7097810592,8/16/2013,21,349570,8:41,226 W 123rd St,New York,New York,10027,100,USCGeocoder,0,1,4.01,,c94f811f-f40c-4173-adf2-732421c38275,2,Parcel,Success,LOCATION_TYPE_STREET_ADDRESS,Meters,ArealInterpolation,217.8467221,ArealInterpolationGeometricCentroid,Parcel,99.40828402,FeatureClassBased,FlipACoin,,ExactParcelCentroidPoint,,,0,40.80794811,-73.95056935,Relaxed
7097810609,8/16/2013,21,349570,8:44,234 W 122nd St,New York,New York,10027,101,USCGeocoder,16,1,4.01,,3531f738-7378-4e92-8bba-f91a58b3217a,2,Parcel,Success,LOCATION_TYPE_STREET_ADDRESS,Meters,ArealInterpolation,307.2030546,ArealInterpolationGeometricCentroid,Parcel,99.40828402,FeatureClassBased,FlipACoin,,ExactParcelCentroidPoint,,,0,40.80750903,-73.9514967,Relaxed
7097810610,8/16/2013,21,349570,8:48,160 W 122nd St,New York,New York,10027,102,USCGeocoder,16,1,4.01,,5209ab98-fdfc-47cd-9d75-12384ad92638,2,Parcel,Success,LOCATION_TYPE_STREET_ADDRESS,Meters,ArealInterpolation,168.1804999,ArealInterpolationGeometricCentroid,Parcel,99.40828402,FeatureClassBased,FlipACoin,,ExactParcelCentroidPoint,,,0,40.80652723,-73.94916517,Relaxed
7097810622,8/16/2013,71,349570,8:48,160 W 122nd St,New York,New York,10027,103,USCGeocoder,16,1,4.01,,c13c5ae5-25ca-4baf-b260-3fafecf42766,2,Parcel,Success,LOCATION_TYPE_STREET_ADDRESS,Meters,ArealInterpolation,168.1804999,ArealInterpolationGeometricCentroid,Parcel,99.40828402,FeatureClassBased,FlipACoin,,ExactParcelCentroidPoint,,,0,40.80652723,-73.94916517,Relaxed
7097810634,8/16/2013,21,349570,9:10,435 W 126th St,New York,New York,10027,104,USCGeocoder,16,1,4.01,,9f90bfe4-8ae3-4c1c-89bc-a59a7fcdf262,2,Parcel,Success,LOCATION_TYPE_STREET_ADDRESS,Meters,ArealInterpolation,406.7816092,ArealInterpolationGeometricCentroid,Parcel,99.40828402,FeatureClassBased,FlipACoin,,ExactParcelCentroidPoint,,,0,40.81308556,-73.95450712,Relaxed
7097810658,8/16/2013,21,349570,9:19,499 W 130th St,New York,New York,10027,105,USCGeocoder,16,1,4.01,,40afa533-1364-4138-ae0f-0821791dafe0,2,Parcel,Success,LOCATION_TYPE_STREET_ADDRESS,Meters,ArealInterpolation,218.0600506,ArealInterpolationGeometricCentroid,Parcel,99.40828402,FeatureClassBased,FlipACoin,,ExactParcelCentroidPoint,,,0,40.81572061,-73.95416326,Relaxed
7097810695,8/16/2013,21,349570,9:40,312 W 118th St,New York,New York,10027,106,USCGeocoder,47,1,4.01,,8d85174a-f04b-4a50-8625-0ca72b1878a6,2,Parcel,Success,LOCATION_TYPE_STREET_ADDRESS,Meters,ArealInterpolation,187.5822694,ArealInterpolationGeometricCentroid,Parcel,98.87573964,FeatureClassBased,FlipACoin,,ExactParcelCentroidPoint,,,0,40.80585679,-73.95538945,Relaxed
7097810713,8/16/2013,21,349570,9:45,304 W 118th St,New York,New York,10027,107,USCGeocoder,47,1,4.01,,0878820a-99ee-41e5-93c8-34f5fc51eb82,2,Parcel,Success,LOCATION_TYPE_STREET_ADDRESS,Meters,ArealInterpolation,115.5911083,ArealInterpolationGeometricCentroid,Parcel,94.20118343,FeatureClassBased,FlipACoin,,ExactParcelCentroidPoint,,,0,40.7979891,-73.93652077,Relaxed
7097810725,8/16/2013,46,349570,9:48,310 W 116th St,New York,New York,10027,108,USCGeocoder,78,1,4.01,,12338c8f-14fb-434a-8bcc-0e92e5c60199,2,Parcel,Success,LOCATION_TYPE_STREET_ADDRESS,Meters,ArealInterpolation,264.4879174,ArealInterpolationGeometricCentroid,Parcel,98.87573964,FeatureClassBased,FlipACoin,,ExactParcelCentroidPoint,,,0,40.80449156,-73.95628353,Relaxed
7097810749,8/16/2013,21,349570,9:59,1453 5th Ave,New York,New York,10027,109,USCGeocoder,47,1,4.01,,006b3de1-eced-4b59-990a-6b9775accf08,3,StreetSegmentInterpolation,Success,LOCATION_TYPE_STREET_ADDRESS,Meters,LinearInterpolation,1911.991922,LinearInterpolationAddressRange,StreetSegment,92.01183432,FeatureClassBased,FlipACoin,,AddressRangeInterpolation,,,0,40.80175134,-73.94555708,Relaxed
7097810774,8/16/2013,21,349570,11:06,503-505 W 141st St,New York,New York,10027,110,USCGeocoder,16,1,4.01,,987983da-4464-4498-b3b7-6cb578ea96e4,9,AddressZIPCentroid,Success,LOCATION_TYPE_STREET_ADDRESS,Meters,ArealInterpolation,0,ArealInterpolationGeometricCentroid,USPSZip,100,FeatureClassBased,FlipACoin,,USPSZipAreaCentroid,,,0,40.81207,-73.954377,Exact
7097810798,8/16/2013,21,349570,11:19,69 Tiemann Pl,New York,New York,10027,111,USCGeocoder,31,1,4.01,,a853d9ef-c196-486c-9658-f283d946d172,3,StreetSegmentInterpolation,Success,LOCATION_TYPE_STREET_ADDRESS,Meters,LinearInterpolation,1939.721163,LinearInterpolationAddressRange,StreetSegment,100,FeatureClassBased,FlipACoin,,AddressRangeInterpolation,,,0,40.81571243,-73.9599287,Exact
7097810804,8/16/2013,21,349570,11:21,190 Claremont Ave,New York,New York,10027,112,USCGeocoder,16,1,4.01,,42008854-2ca7-4963-8158-b3573f06bdf6,2,Parcel,Success,LOCATION_TYPE_STREET_ADDRESS,Meters,ArealInterpolation,362.1774847,ArealInterpolationGeometricCentroid,Parcel,99.40828402,FeatureClassBased,FlipACoin,,ExactParcelCentroidPoint,,,0,40.81484885,-73.95983324,Relaxed
7097810816,8/16/2013,21,349570,11:22,182 Claremont Ave,New York,New York,10027,113,USCGeocoder,0,1,4.01,,cad179c2-a476-44e9-8110-046cc34d745a,2,Parcel,Success,LOCATION_TYPE_STREET_ADDRESS,Meters,ArealInterpolation,356.0807905,ArealInterpolationGeometricCentroid,Parcel,99.40828402,FeatureClassBased,FlipACoin,,ExactParcelCentroidPoint,,,0,40.8144648,-73.96010998,Relaxed
7097810828,8/16/2013,21,349570,11:24,126 La Salle St,New York,New York,10027,114,USCGeocoder,16,1,4.01,,a4edf2ef-b321-4351-ad40-446f69ee8e42,2,Parcel,Success,LOCATION_TYPE_STREET_ADDRESS,Meters,ArealInterpolation,496.6482188,ArealInterpolationGeometricCentroid,Parcel,99.40828402,FeatureClassBased,FlipACoin,,ExactParcelCentroidPoint,,,0,40.81382418,-73.96047365,Relaxed
7097810841,8/16/2013,21,349570,11:30,150 Claremont Ave,New York,New York,10027,115,USCGeocoder,125,1,4.01,,c9713ff2-8b5a-43ec-9d79-60b5b66aa5ad,3,StreetSegmentInterpolation,Success,LOCATION_TYPE_STREET_ADDRESS,Meters,LinearInterpolation,5243.125143,LinearInterpolationAddressRange,StreetSegment,100,FeatureClassBased,FlipACoin,,AddressRangeInterpolation,,,0,40.81330498,-73.96122424,Exact
7097810853,8/16/2013,21,349570,11:31,160 Claremont Ave,New York,New York,10027,116,USCGeocoder,0,1,4.01,,91b8b5fa-e515-44c8-ae14-60bd2431e410,2,Parcel,Success,LOCATION_TYPE_STREET_ADDRESS,Meters,ArealInterpolation,1360.35167,ArealInterpolationGeometricCentroid,Parcel,99.40828402,FeatureClassBased,FlipACoin,,ExactParcelCentroidPoint,,,0,40.81353798,-73.96077117,Relaxed
7097810877,8/16/2013,21,349570,11:42,302 W 114th St,New York,New York,10027,117,USCGeocoder,31,1,4.01,,a087b967-2333-43a5-954a-7eb29542622c,2,Parcel,Success,LOCATION_TYPE_STREET_ADDRESS,Meters,ArealInterpolation,250.1382905,ArealInterpolationGeometricCentroid,Parcel,98.87573964,FeatureClassBased,FlipACoin,,ExactParcelCentroidPoint,,,0,40.80312377,-73.95694152,Relaxed
7097810889,8/16/2013,21,349570,11:46,301 W 113th St,New York,New York,10027,118,USCGeocoder,156,1,4.01,,cbbffaaa-7e7f-457a-9878-dd8996277e3d,3,StreetSegmentInterpolation,Success,LOCATION_TYPE_STREET_ADDRESS,Meters,LinearInterpolation,3151.610531,LinearInterpolationAddressRange,StreetSegment,96.00591716,FeatureClassBased,FlipACoin,,AddressRangeInterpolation,,,0,40.80257413,-73.9567505,Relaxed;Soundex
7097810488,8/16/2013,40,349570,6:04,55 La Salle St,New York,New York,10027,119,USCGeocoder,16,1,4.01,,868bdf38-f7c5-4ab9-a85d-bb3d0f1878f1,2,Parcel,Success,LOCATION_TYPE_STREET_ADDRESS,Meters,ArealInterpolation,3567.919897,ArealInterpolationGeometricCentroid,Parcel,97.81065089,FeatureClassBased,FlipACoin,,ExactParcelCentroidPoint,,,0,40.63619666,-74.14708759,Relaxed;Soundex
7097810506,8/16/2013,40,349570,7:03,1050 Amsterdam Ave,New York,New York,10027,120,USCGeocoder,16,1,4.01,,a09558b8-e28a-41e8-88bd-ab7e14dc5f86,2,Parcel,Success,LOCATION_TYPE_STREET_ADDRESS,Meters,ArealInterpolation,1502.418432,ArealInterpolationGeometricCentroid,Parcel,98.87573964,FeatureClassBased,FlipACoin,,ExactParcelCentroidPoint,,,0,40.80426368,-73.96350359,Relaxed
7097810518,8/16/2013,84,349570,7:05,1050 Amsterdam Ave,New York,New York,10027,121,USCGeocoder,0,1,4.01,,6cbb5409-95c6-432c-b7e4-5bbfe2758a4a,2,Parcel,Success,LOCATION_TYPE_STREET_ADDRESS,Meters,ArealInterpolation,1502.418432,ArealInterpolationGeometricCentroid,Parcel,98.87573964,FeatureClassBased,FlipACoin,,ExactParcelCentroidPoint,,,0,40.80426368,-73.96350359,Relaxed
7097810520,8/16/2013,21,349570,8:11,1020 Amsterdam Ave,New York,New York,10027,122,USCGeocoder,0,1,4.01,,73e9d666-7640-4e82-a25f-4ef64e594b3a,2,Parcel,Success,LOCATION_TYPE_STREET_ADDRESS,Meters,ArealInterpolation,1096.038743,ArealInterpolationGeometricCentroid,Parcel,98.87573964,FeatureClassBased,FlipACoin,,ExactParcelCentroidPoint,,,0,40.80334443,-73.9640313,Relaxed
7097810531,8/16/2013,21,349570,8:20,527 W 125th St,New York,New York,10027,123,USCGeocoder,156,1,4.01,,841475e2-4df2-4e0d-99ae-29944d5cb619,3,StreetSegmentInterpolation,Success,LOCATION_TYPE_STREET_ADDRESS,Meters,LinearInterpolation,2494.658191,LinearInterpolationAddressRange,StreetSegment,100,FeatureClassBased,FlipACoin,,AddressRangeInterpolation,,,0,40.81423711,-73.95690296,Exact
7097810543,8/16/2013,21,349570,8:23,501 W 125th St,New York,New York,10027,124,USCGeocoder,140,1,4.01,,b4cfe80d-5c4f-4786-80db-e5b58c3d51f3,3,StreetSegmentInterpolation,Success,LOCATION_TYPE_STREET_ADDRESS,Meters,LinearInterpolation,2494.658191,LinearInterpolationAddressRange,StreetSegment,100,FeatureClassBased,FlipACoin,,AddressRangeInterpolation,,,0,40.81344941,-73.95621444,Exact
7097810555,8/16/2013,20,349570,8:31,2319 Fredrick Douglas Blv,New York,New York,10027,125,USCGeocoder,16,1,4.01,,eb75adb3-fbfe-4335-be03-c0d178396d5a,3,StreetSegmentInterpolation,Success,LOCATION_TYPE_STREET_ADDRESS,Meters,LinearInterpolation,2048.750115,LinearInterpolationAddressRange,StreetSegment,96.44970414,FeatureClassBased,FlipACoin,,AddressRangeInterpolation,,,0,40.80992057,-73.95146095,Relaxed;Soundex
7097810671,8/16/2013,21,349570,9:36,35 Morningside Ave,New York,New York,10027,126,USCGeocoder,16,1,4.01,,dcfe598f-51d4-49f7-8a5d-8c10bf747e19,2,Parcel,Success,LOCATION_TYPE_STREET_ADDRESS,Meters,ArealInterpolation,241.3468188,ArealInterpolationGeometricCentroid,Parcel,98.87573964,FeatureClassBased,FlipACoin,,ExactParcelCentroidPoint,,,0,40.80650635,-73.95713911,Relaxed
7097810683,8/16/2013,21,349570,9:37,370 Morningside Ave,New York,New York,10027,127,USCGeocoder,2356,1,4.01,,6eb8c018-693a-4ee0-8c39-e6c024650a53,9,AddressZIPCentroid,Success,LOCATION_TYPE_STREET_ADDRESS,Meters,ArealInterpolation,0,ArealInterpolationGeometricCentroid,USPSZip,100,FeatureClassBased,FlipACoin,,USPSZipAreaCentroid,,,0,40.81207,-73.954377,Exact
7097810701,8/16/2013,21,349570,9:43,394 Manhattan Ave,New York,New York,10027,128,USCGeocoder,16,1,4.01,,199052f4-6584-4878-bb74-a49afd08d39d,2,Parcel,Success,LOCATION_TYPE_STREET_ADDRESS,Meters,ArealInterpolation,171.5222238,ArealInterpolationGeometricCentroid,Parcel,98.87573964,FeatureClassBased,FlipACoin,,ExactParcelCentroidPoint,,,0,40.8054196,-73.95623145,Relaxed
7097810737,8/16/2013,21,349570,9:54,312 W 116th St,New York,New York,10027,129,USCGeocoder,47,1,4.01,,6101c5fd-8d50-4841-9329-8361b98a2988,2,Parcel,Success,LOCATION_TYPE_STREET_ADDRESS,Meters,ArealInterpolation,260.7895845,ArealInterpolationGeometricCentroid,Parcel,98.87573964,FeatureClassBased,FlipACoin,,ExactParcelCentroidPoint,,,0,40.80452912,-73.95637273,Relaxed
7097810762,8/16/2013,21,349570,10:15,73 W 130th St,New York,New York,10027,130,USCGeocoder,31,1,4.01,,dc1f97ec-4dd0-4580-beac-11b2b39d8e4f,2,Parcel,Success,LOCATION_TYPE_STREET_ADDRESS,Meters,ArealInterpolation,228.914933,ArealInterpolationGeometricCentroid,Parcel,98.34319527,FeatureClassBased,FlipACoin,,ExactParcelCentroidPoint,,,0,40.81088737,-73.94269873,Relaxed
7097810786,8/16/2013,21,349570,11:11,600 W 139th St,New York,New York,10027,131,USCGeocoder,16,1,4.01,,ed098165-c3ba-4793-a8ac-7707febbca41,2,Parcel,Success,LOCATION_TYPE_STREET_ADDRESS,Meters,ArealInterpolation,193.2228911,ArealInterpolationGeometricCentroid,Parcel,93.66863905,FeatureClassBased,FlipACoin,,ExactParcelCentroidPoint,,,0,40.80671559,-73.91578456,Relaxed
7097810830,8/16/2013,21,349570,11:25,160 Claremont Ave,New York,New York,10027,132,USCGeocoder,0,1,4.01,,40f16809-dea2-474d-acb2-d0e649a33468,2,Parcel,Success,LOCATION_TYPE_STREET_ADDRESS,Meters,ArealInterpolation,1360.35167,ArealInterpolationGeometricCentroid,Parcel,99.40828402,FeatureClassBased,FlipACoin,,ExactParcelCentroidPoint,,,0,40.81353798,-73.96077117,Relaxed
7097810865,8/16/2013,21,349570,11:35,55 La Salle St,New York,New York,10027,133,USCGeocoder,16,1,4.01,,601a843d-d948-4f89-83dd-a5b9d0c9cc2e,2,Parcel,Success,LOCATION_TYPE_STREET_ADDRESS,Meters,ArealInterpolation,3567.919897,ArealInterpolationGeometricCentroid,Parcel,97.81065089,FeatureClassBased,FlipACoin,,ExactParcelCentroidPoint,,,0,40.63619666,-74.14708759,Relaxed;Soundex
7097810890,8/16/2013,21,349570,11:47,314 W 113th St,New York,New York,10027,134,USCGeocoder,31,1,4.01,,8c60e8f2-99ad-4399-b055-ba5b17e9bca4,2,Parcel,Success,LOCATION_TYPE_STREET_ADDRESS,Meters,ArealInterpolation,146.769874,ArealInterpolationGeometricCentroid,Parcel,98.87573964,FeatureClassBased,FlipACoin,,ExactParcelCentroidPoint,,,0,40.80260248,-73.95766771,Relaxed
,,,,,,,,,,,,,,,,,,,,,,,,,,,,,,,,,,,
,,,,,,,,,,,,,,,,,,,,,,,,,,,,,,,,,,,
"<!DOCTYPE html PUBLIC ""-//W3C//DTD XHTML 1.0 Transitional//EN"" ""http://www.w3.org/TR/xhtml1/DTD/xhtml1-transitional.dtd"">",,,,,,,,,,,,,,,,,,,,,,,,,,,,,,,,,,,
,,,,,,,,,,,,,,,,,,,,,,,,,,,,,,,,,,,
"<html xmlns=""http://www.w3.org/1999/xhtml"">",,,,,,,,,,,,,,,,,,,,,,,,,,,,,,,,,,,
,,,,,,,,,,,,,,,,,,,,,,,,,,,,,,,,,,,
<body>,,,,,,,,,,,,,,,,,,,,,,,,,,,,,,,,,,,
,,,,,,,,,,,,,,,,,,,,,,,,,,,,,,,,,,,
    Your download should begin in 3 seconds. ,,,,,,,,,,,,,,,,,,,,,,,,,,,,,,,,,,,
    <br />,,,,,,,,,,,,,,,,,,,,,,,,,,,,,,,,,,,
    <br />,,,,,,,,,,,,,,,,,,,,,,,,,,,,,,,,,,,
    ,,,,,,,,,,,,,,,,,,,,,,,,,,,,,,,,,,,
"    <a id=""linkDownload"">If the download does not begin", click here</a>,,,,,,,,,,,,,,,,,,,,,,,,,,,,,,,,,,
    ,,,,,,,,,,,,,,,,,,,,,,,,,,,,,,,,,,,
    <br />,,,,,,,,,,,,,,,,,,,,,,,,,,,,,,,,,,,
    <br />,,,,,,,,,,,,,,,,,,,,,,,,,,,,,,,,,,,
    <br />,,,,,,,,,,,,,,,,,,,,,,,,,,,,,,,,,,,
"    <a href=""javascript:window.close();"">Click here to close this window</a>",,,,,,,,,,,,,,,,,,,,,,,,,,,,,,,,,,,
,,,,,,,,,,,,,,,,,,,,,,,,,,,,,,,,,,,
,,,,,,,,,,,,,,,,,,,,,,,,,,,,,,,,,,,
,,,,,,,,,,,,,,,,,,,,,,,,,,,,,,,,,,,
,,,,,,,,,,,,,,,,,,,,,,,,,,,,,,,,,,,
</body>,,,,,,,,,,,,,,,,,,,,,,,,,,,,,,,,,,,
</html>,,,,,,,,,,,,,,,,,,,,,,,,,,,,,,,,,,,
,,,,,,,,,,,,,,,,,,,,,,,,,,,,,,,,,,,
                        ,,,,,,,,,,,,,,,,,,,,,,,,,,,,,,,,,,,
                        ,,,,,,,,,,,,,,,,,,,,,,,,,,,,,,,,,,,
